ListPrice,BEDS,BATHS,SQFT,LotSize,YearBuilt,Age,ParkingSpots,HasGarage,DOM,BeenReduced,SoldPrev,LATITUDE,LONGITUDE,ShortSale
214000,3,2,1954,6969,1918,96,2,Garage,117,Y,Y,44.991634,-93.142616,N
134900,3,1,1028,4356,1911,103,1,Garage,93,Y,Y,44.957291,-93.142624,N
129722,4,1,1420,5227,1900,114,0,No,77,Y,N,44.954708,-93.057976,N
134900,2,1.75,904,8712,1928,86,3,Garage,57,Y,N,44.952404,-93.142693,N
444900,4,2.5,2014,12632,2014,0,3,Garage,8,N,N,44.944391,-93.141348,N
134900,4,1,1980,4791,1904,110,2,Garage,117,Y,Y,44.964642,-93.057945,N
159000,3,2,1594,3484,1900,114,2,Garage,8,N,Y,45.012962,-93.244789,N
69900,3,1.25,1255,7405,1894,120,3,Garage,91,N,N,44.971966,-93.05616,N
79990,2,1.25,816,4791,1927,87,1,Garage,5,N,N,44.977798,-93.057526,Y
69900,3,1.5,1200,4791,1876,138,0,No,68,N,Y,44.960121,-93.057121,N
249900,3,1.75,2056,6098,1952,62,1,Garage,77,N,N,44.910465,-93.181953,N
149900,5,1.75,1602,4791,1915,99,2,Garage,37,N,Y,44.954582,-93.143738,N
177500,2,1,1538,4791,1929,85,1,Garage,75,N,N,44.972698,-93.134132,N
144900,3,1,1108,4791,1947,67,2,Garage,9,N,N,44.962364,-93.144569,N
464900,3,1.75,2132,12196,1956,58,2,Garage,34,N,N,44.909348,-93.180634,N
72000,3,2,1644,6969,1914,100,2,Garage,9,N,N,44.958725,-93.145119,N
147500,3,1,1455,5662,1953,61,5,Garage,100,Y,Y,44.973854,-93.029457,N
119900,2,1,735,5662,1946,68,1,Garage,37,N,N,44.965065,-93.145378,N
57500,3,2,1117,4791,1908,106,2,Garage,84,Y,N,44.973686,-93.108864,N
80000,2,1.5,776,5662,1917,97,2,Garage,19,N,N,44.97377,-93.118416,Y
214900,3,1.75,1434,6098,1951,63,2,Garage,70,N,N,44.90863,-93.187813,N
154900,4,2,1834,4791,1906,108,2,Garage,21,N,Y,44.973911,-93.110695,N
79900,2,1,700,5662,1910,104,1,Garage,77,Y,Y,44.973938,-93.115227,N
129900,3,1.75,1252,4791,1921,93,2,Garage,76,N,N,44.975998,-93.054565,N
699900,7,4.25,3955,6534,1923,91,2,Garage,7,N,N,44.933537,-93.145943,N
364900,3,2.25,1848,6098,1938,76,3,Garage,92,Y,Y,44.93922,-93.146172,N
94850,2,1,936,4791,1926,88,2,Garage,137,N,Y,44.960629,-93.054131,N
104900,2,1,936,10454,1919,95,9,Garage,20,N,N,44.951061,-93.05423,N
225000,4,1,1818,38768,1900,114,2,Garage,137,Y,N,44.990578,-93.101143,N
259800,3,1.5,1295,4356,1909,105,1,Garage,51,N,Y,44.915787,-93.278603,N
199900,3,1,1600,6098,1922,92,2,Garage,117,N,Y,44.980007,-93.054131,N
186900,2,1,938,5662,1926,88,1,Garage,86,Y,N,44.927601,-93.146851,N
123900,4,1,1075,5227,1922,92,3,Garage,15,N,N,44.97456,-93.0504,N
389000,3,3,2328,,1921,93,4,Garage,137,Y,N,44.980007,-93.053955,N
699900,6,4.25,5223,26136,1912,102,12,Garage,44,Y,N,44.940853,-93.147011,N
319000,2,1.75,1430,,2013,1,2,Garage,137,Y,N,44.957136,-93.004931,N
149990,3,2,1220,4791,2014,0,1,Garage,104,N,Y,44.966068,-93.053917,N
499999,3,2.5,2402,6969,1931,83,2,Garage,56,Y,Y,44.913395,-93.258186,N
129900,3,2.25,1496,3484,2006,8,2,Garage,63,N,Y,45.004608,-93.294952,N
129900,3,1.25,964,8276,1970,44,2,Garage,5,N,N,44.955235,-93.053474,Y
169900,3,1.5,1480,4791,1926,88,3,Garage,45,N,N,44.975105,-93.0504,N
850000,4,3.25,3646,8712,1932,82,2,Garage,137,Y,N,44.919872,-93.294502,Y
129900,2,1.5,1781,3920,1923,91,1,Garage,19,N,N,44.977295,-93.053085,Y
129900,2,1.5,1407,4791,1909,105,2,Garage,33,Y,N,44.975082,-93.10759,N
76500,3,1,1108,2613,1890,124,1,Garage,36,N,N,44.965164,-93.052773,Y
369900,3,2.75,1870,6098,1922,92,1,Garage,89,Y,N,44.936054,-93.14785,N
129900,3,1,1005,4791,1920,94,2,Garage,77,Y,N,44.957291,-93.148102,N
224900,3,2.5,1940,,2004,10,2,Garage,84,N,N,44.975529,-93.119659,N
99900,4,1.75,1900,4791,1926,88,1,Garage,119,Y,N,44.977798,-93.052315,N
119900,3,2,1696,6969,1912,102,2,Garage,112,Y,N,44.949902,-93.062836,N
134900,3,1,1110,6534,1949,65,3,Garage,8,N,Y,44.975792,-93.028221,N
549000,4,1.5,2012,7840,1923,91,1,Garage,47,Y,N,44.912052,-93.279961,N
124900,3,2.25,2179,8712,1911,103,5,Garage,113,Y,N,44.975971,-93.077736,N
229900,3,1.5,1835,4791,1906,108,2,Garage,137,Y,Y,44.987713,-93.148537,Y
139900,4,1.75,1400,5227,1938,76,1,Garage,75,Y,Y,44.959236,-93.051765,N
123900,3,1,1148,10890,1888,126,2,Garage,112,Y,N,44.975945,-93.076996,N
152900,4,1.75,1904,3920,1922,92,1,Garage,7,N,N,44.948277,-93.148842,N
129900,4,1.75,1424,5227,1948,66,1,Garage,110,N,Y,44.976227,-93.112686,N
62400,1,1,510,4791,1928,86,1,Garage,119,N,N,44.972778,-93.051414,N
124900,2,1,676,4791,1940,74,2,Garage,56,N,N,44.961823,-93.149513,N
117000,2,1,1017,13285,1889,125,2,Garage,106,Y,N,44.954735,-93.051445,N
264900,3,1.75,2304,5227,1922,92,2,Garage,117,Y,N,44.978699,-93.051247,N
119900,2,1,1314,5662,1941,73,1,Garage,29,N,N,44.97633,-93.114479,N
89900,5,1.75,1835,6534,1894,120,2,Garage,1,N,N,44.990303,-93.104721,N
675000,2,2.25,3130,6098,1925,89,3,Garage,107,N,Y,44.936527,-93.149643,N
160000,3,1.75,1894,6534,1953,61,1,Garage,77,Y,N,44.976803,-93.078262,N
120000,3,1.25,1183,4791,1939,75,1,Garage,13,N,N,44.976944,-93.077713,N
749900,3,2.75,3589,,1890,124,4,Garage,137,N,N,44.942009,-93.150284,N
139900,3,1.75,1201,4791,1917,97,2,Garage,119,Y,N,44.95871,-93.150612,N
129900,3,1.25,1600,6098,1941,73,0,No,36,N,Y,44.950699,-93.050262,N
179900,3,1,864,6098,1953,61,2,Garage,86,Y,N,44.905338,-93.183754,N
375000,3,1.75,1980,9147,1990,24,2,Garage,137,Y,N,44.942013,-93.150826,N
329900,3,2.75,2478,6098,1937,77,2,Garage,57,Y,N,44.924892,-93.15094,N
519900,3,2.5,2973,6098,1923,91,4,Garage,137,Y,N,44.907166,-93.29483,N
1375000,5,4.25,4934,14810,1910,104,2,Garage,137,N,N,44.944958,-93.115173,N
750000,5,3.5,3849,13503,1933,81,3,Garage,77,N,N,44.920876,-93.151428,N
140000,3,1.5,1167,8712,1915,99,2,Garage,137,Y,N,44.978348,-93.124138,N
139900,2,1,1530,9147,1950,64,1,Garage,9,N,Y,44.957508,-93.048401,N
90000,3,1,1308,5227,1880,134,4,Garage,57,Y,N,44.965187,-93.048447,Y
150000,2,1,759,,1919,95,2,Garage,137,N,N,44.978516,-93.105553,N
169900,4,1.5,1744,4791,1890,124,0,No,50,N,N,44.961803,-93.152847,N
124000,3,2.5,1700,9147,1915,99,2,Garage,18,N,Y,44.966984,-93.047867,N
159900,2,1,1120,4791,1940,74,1,Garage,137,Y,N,44.923996,-93.153175,N
299500,3,1.75,1395,4791,1927,87,2,Garage,2,N,N,44.931755,-93.153152,N
129850,3,1,1382,5227,1929,85,2,Garage,49,N,Y,44.979248,-93.077744,N
215900,2,1,720,,1923,91,2,Garage,137,Y,N,44.929428,-93.153481,N
199000,4,1.25,1887,125888,1885,129,2,Garage,96,N,N,44.903839,-93.009346,N
159900,3,1,1184,10454,1931,83,5,Garage,110,Y,N,44.979492,-93.126785,N
134990,3,1,1774,5227,1921,93,4,Garage,103,Y,Y,44.958855,-93.046776,N
99000,2,1,960,5532,1919,95,1,Garage,12,N,N,44.97958,-93.10685,N
165000,4,1.5,1544,5227,1913,101,2,Garage,96,N,N,44.967216,-93.154083,N
84900,3,1.75,1381,3920,1891,123,3,Garage,99,Y,Y,44.979755,-93.075775,N
153334,3,1,1120,5227,1916,98,2,Garage,72,Y,Y,44.967205,-93.154472,N
439000,4,2.5,3007,13068,1927,87,2,Garage,1,N,N,44.980263,-93.134377,N
414900,5,3.5,2922,4791,2004,10,2,Garage,12,N,N,44.928524,-93.154785,N
124900,3,1.5,1140,6098,1947,67,4,Garage,137,N,N,44.980152,-93.111389,N
559900,4,3.25,2762,4791,2014,0,4,Garage,11,N,Y,44.92218,-93.155106,N
699900,5,3.75,4500,14810,1927,87,2,Garage,77,N,N,44.945347,-93.196625,N
155900,4,1.5,1806,5227,1910,104,1,Garage,2,N,Y,44.980534,-93.1101,N
520000,4,3.5,2907,4791,2013,1,2,Garage,57,N,Y,44.920876,-93.155418,N
129900,2,1,1101,,1909,105,1,Garage,69,Y,Y,44.964123,-93.155716,N
225000,3,1.75,1252,4791,1925,89,2,Garage,65,N,Y,44.923096,-93.155838,N
279900,3,1.75,1400,4791,1929,85,2,Garage,12,N,N,44.928528,-93.155869,N
119000,2,1,644,5662,1900,114,2,Garage,57,Y,N,45.001488,-93.257919,N
129900,3,1.5,1008,4791,1900,114,2,Garage,77,Y,Y,44.958683,-93.156013,N
324900,4,3.5,2908,4791,2004,10,2,Garage,65,Y,N,44.920376,-93.156189,N
499000,3,2.5,1820,4791,2013,1,2,Garage,92,N,Y,44.920879,-93.156189,N
289900,3,1.75,1604,4791,1925,89,2,Garage,65,Y,N,44.92128,-93.156647,N
159900,4,1,1740,4791,1889,125,2,Garage,86,Y,N,44.959591,-93.157021,N
144850,4,1,1498,4791,1952,62,1,Garage,33,N,Y,44.96067,-93.043449,N
182500,4,1.5,2288,9583,1958,56,4,Garage,89,Y,Y,44.982147,-93.042671,N
162900,4,1.75,1677,6098,1963,51,1,Garage,19,Y,Y,44.982059,-93.077019,N
58895,4,1,1589,15245,1914,100,2,Garage,92,Y,N,44.969845,-93.042847,N
40000,4,1,1720,3920,1890,124,1,Garage,119,N,N,44.965683,-93.094833,Y
179900,4,2,3123,4791,1961,53,2,Garage,93,Y,N,44.98222,-93.12336,N
195000,3,1,1585,5227,1914,100,2,Garage,23,N,Y,44.934498,-93.157745,N
119000,3,1.5,1412,6969,1922,92,2,Garage,119,Y,N,44.961594,-93.042603,N
199900,3,1.5,1270,4791,1917,97,4,Garage,5,N,Y,44.928535,-93.15831,N
159900,3,2.5,1996,3484,2000,14,2,Garage,43,N,N,44.959732,-93.042038,N
239900,4,2,2294,8276,1915,99,6,Garage,43,Y,N,44.982903,-93.130943,N
124900,3,1,1238,4791,1925,89,1,Garage,20,N,Y,44.983269,-93.024872,N
179000,3,1,1012,3484,1957,57,1,Garage,6,N,N,44.930885,-93.159065,N
149900,3,1,1548,4791,1888,126,2,Garage,137,Y,Y,44.959579,-93.159027,N
179900,3,1.75,1647,5227,1925,89,4,Garage,89,N,N,44.98341,-93.166573,N
294900,4,1.5,2034,10454,1932,82,4,Garage,106,Y,N,44.982029,-93.159378,N
149900,3,1.5,1800,4791,1903,111,2,Garage,106,N,N,44.962662,-93.159721,N
139900,3,2,1760,14374,1960,54,1,Garage,19,Y,Y,45.005249,-93.298431,N
99000,2,1,900,,1921,93,2,Garage,11,N,Y,44.993523,-93.309697,N
129875,1,1,1076,,1900,114,3,Garage,99,Y,N,45.002598,-93.259262,N
135000,6,2,1876,5227,2002,12,1,Garage,30,Y,Y,44.993893,-93.30481,N
189000,5,3.25,2234,5662,2005,9,2,Garage,99,N,Y,44.969025,-93.040009,N
179900,3,1.5,1628,4791,2013,1,4,Garage,119,Y,N,44.960258,-93.039954,N
159900,2,1,1149,4791,1947,67,1,Garage,137,N,Y,44.945572,-93.160873,N
154900,3,1.75,1876,7405,1941,73,2,Garage,72,Y,Y,44.984421,-93.107513,N
189900,4,1.75,1802,7840,1953,61,2,Garage,15,N,N,44.984417,-93.120239,N
749000,5,3.5,3327,12196,1910,104,3,Garage,65,N,N,44.940914,-93.161057,N
749900,3,2.25,2079,7840,1926,88,2,Garage,92,N,N,44.91563,-93.297585,N
189500,2,1,1280,5227,1926,88,1,Garage,15,N,N,44.985172,-93.160156,N
479900,4,2.25,2696,7405,1916,98,2,Garage,100,Y,N,44.938694,-93.162125,N
174900,3,2,1932,4356,1911,103,1,Garage,93,Y,Y,44.957241,-93.162109,N
88000,2,1,905,4791,1952,62,1,Garage,137,Y,N,44.985416,-93.035103,Y
109900,2,1.75,1374,12196,1900,114,2,Garage,42,Y,Y,44.971729,-93.038544,Y
104900,3,1.5,1140,19602,1955,59,1,Garage,137,Y,N,44.947453,-93.03846,N
146000,2,1.75,2195,10454,1953,61,2,Garage,98,Y,Y,44.948544,-93.038376,N
99900,2,0.75,994,5227,1911,103,2,Garage,20,N,Y,44.950985,-93.162804,N
274900,4,1.75,2647,3920,1886,128,3,Garage,137,N,N,44.975796,-93.16288,N
85000,2,1.25,1027,5227,1900,114,1,Garage,137,N,N,44.986034,-93.076515,Y
244999,4,2,1900,5227,1922,92,4,Garage,5,N,Y,44.985973,-93.155724,N
164900,3,1.75,1557,4791,1921,93,2,Garage,34,N,N,44.918743,-93.140533,N
375000,4,2.75,2163,4791,1947,67,1,Garage,70,Y,N,44.920898,-93.163429,N
169750,3,1.75,1600,6969,1949,65,1,Garage,39,N,N,44.986446,-93.130363,N
269900,3,1.75,2119,4791,1933,81,4,Garage,137,Y,N,44.986504,-93.164696,N
209900,3,1,1072,4791,1920,94,1,Garage,68,Y,N,44.979412,-93.163765,N
84900,2,1.75,1122,4356,1916,98,0,No,8,N,Y,44.994656,-93.307838,N
379900,4,2,2032,5227,1916,98,1,Garage,100,Y,N,44.93491,-93.163971,N
114900,3,1.5,1438,4791,1941,73,2,Garage,137,N,Y,44.994637,-93.306602,N
263525,5,3.25,2598,10890,2004,10,3,Garage,119,Y,N,44.895756,-93.006966,Y
84900,2,1.75,1131,3920,1904,110,2,Garage,12,N,N,44.956371,-93.164665,N
152900,4,1,1300,5227,1909,105,2,Garage,77,Y,N,44.987106,-93.126549,N
130000,3,1.5,1512,6098,2009,5,2,Garage,137,N,Y,44.994865,-93.299049,N
159000,4,1,1260,5227,1932,82,1,Garage,119,N,N,44.987,-93.127106,N
107900,4,2.5,2117,6098,1959,55,2,Garage,13,N,N,44.957073,-93.036064,N
159900,4,1.75,1778,8276,1958,56,2,Garage,57,Y,N,44.987377,-93.048584,N
244900,3,1.75,1816,4791,1931,83,1,Garage,8,N,N,44.987171,-93.163406,N
167900,3,1.75,1794,7840,1955,59,1,Garage,119,N,N,44.987526,-93.035851,N
40000,5,1,1694,5662,1922,92,1,Garage,15,Y,N,,,N
135000,3,1,1334,5662,1964,50,4,Garage,65,N,Y,44.987381,-93.086624,N
154900,2,1,1112,6098,1914,100,1,Garage,137,Y,N,44.976654,-93.165451,N
199900,2,1.75,1384,5227,1931,83,1,Garage,113,Y,N,44.987663,-93.153656,N
146900,3,1.75,2692,6534,1975,39,5,Garage,137,Y,Y,44.933338,-93.077408,N
159900,3,2.25,1651,5662,2013,1,2,Garage,106,Y,N,45.000957,-93.301086,N
224900,3,1.5,1625,5227,1934,80,2,Garage,74,N,N,44.988068,-93.16011,N
89000,3,1,1103,7840,1890,124,2,No,43,Y,N,44.978489,-93.166176,N
119900,1,1.75,851,3049,1918,96,1,Garage,21,N,N,44.979389,-93.166245,N
115000,3,1,888,6098,1955,59,2,Garage,14,N,N,44.988834,-93.048584,N
169900,4,2.5,1196,8276,1923,91,2,Garage,10,N,Y,44.988796,-93.043434,N
174900,3,1,1686,7405,1951,63,2,Garage,37,N,N,44.918892,-93.143372,N
120000,3,1,1140,7448,1974,40,1,Garage,64,N,N,44.956158,-93.033577,N
239741,4,2,1759,4791,2012,2,2,Garage,137,N,N,44.962073,-93.033416,N
165000,3,2,2085,6534,1960,54,3,Garage,6,N,N,44.982689,-93.033516,N
92000,4,2,1690,6969,1953,61,2,Garage,4,N,N,44.988647,-93.033539,Y
169900,3,1,1345,6098,1955,59,2,Garage,70,N,N,44.983604,-93.033318,N
125000,3,1.25,1512,,1912,102,2,Garage,16,N,N,44.917263,-93.14283,Y
139000,3,1,1272,4791,1966,48,1,Garage,5,N,N,44.96159,-93.033142,N
227900,4,0.75,1920,5227,1900,114,4,Garage,109,Y,N,45.004318,-93.258514,N
94900,5,2,1820,5227,1940,74,2,Garage,77,Y,Y,45.001781,-93.301086,N
209900,3,1,1401,5227,1927,87,1,Garage,68,N,N,44.98959,-93.155663,N
210000,4,2,1555,4356,1982,32,5,Garage,110,Y,N,45.004551,-93.267303,N
178000,3,1.5,1531,6098,1939,75,1,Garage,5,N,N,45.004459,-93.269226,N
224900,4,1.75,1680,6534,1953,61,5,Garage,42,N,N,45.004688,-93.238823,N
129900,4,1.25,1560,6098,1902,112,0,No,137,Y,N,44.951305,-93.064095,N
149000,3,1.75,1544,5662,1925,89,2,Garage,137,Y,N,45.004772,-93.242645,Y
464000,3,1.75,1944,6534,1901,113,2,Garage,8,N,N,44.9468,-93.303047,N
149900,3,1,1321,6969,1917,97,2,Garage,77,N,Y,44.964664,-93.03186,N
159900,3,2,1424,6098,1947,67,3,Garage,84,N,Y,44.990257,-93.075851,N
97000,3,1,1094,6098,1946,68,1,Garage,49,Y,Y,44.985012,-93.031723,N
159777,3,1.75,1526,6534,1955,59,2,Garage,57,N,Y,44.990505,-93.048576,N
164900,3,1.5,1581,7405,1963,51,1,Garage,2,N,N,44.953835,-93.031738,N
149990,4,1.75,1714,6098,1950,64,1,Garage,26,N,Y,44.96558,-93.031395,N
152500,5,1.5,1547,6098,1952,62,3,Garage,64,N,Y,44.959251,-93.031181,N
120000,2,1.25,1240,,1926,88,2,Garage,67,Y,Y,44.961586,-93.03125,N
44000,3,1,1311,5227,1900,114,0,No,3,N,Y,44.996456,-93.316833,N
99900,4,1.25,1008,4356,1940,74,1,Garage,13,N,N,44.990807,-93.071503,N
142800,4,1.75,1650,5227,1954,60,2,Garage,20,Y,Y,44.996414,-93.311142,N
99900,2,2.5,1126,5227,1880,134,6,Garage,137,Y,N,44.964684,-93.031075,N
139900,3,1,1220,4791,1941,73,1,Garage,85,N,Y,44.984737,-93.106796,N
182500,4,1.75,1778,6969,1908,106,5,Garage,85,Y,N,44.950935,-93.170158,N
169900,3,1,1453,4791,1939,75,2,Garage,137,Y,Y,44.958111,-93.170685,N
324900,3,1.75,2336,8712,1983,31,6,Garage,134,Y,N,44.991489,-93.05072,N
69000,2,1,832,6969,1926,88,1,Garage,70,Y,N,44.977245,-93.029968,N
69500,3,1,1014,,1929,85,2,Garage,6,N,N,44.968033,-93.0299,N
194900,2,1,1135,5227,1919,95,2,Garage,89,N,N,44.934013,-93.170959,N
189000,4,1.5,1460,10454,1898,116,5,Garage,77,Y,N,44.97057,-93.029678,N
35900,2,1,734,6534,1913,101,0,No,8,N,N,44.969002,-93.029694,N
299900,3,2,1400,5227,1924,90,2,Garage,9,N,N,44.924942,-93.171394,N
168797,3,1.75,1306,5227,1920,94,1,Garage,5,Y,Y,44.963371,-93.029305,N
175000,3,1.75,1150,10454,1968,46,2,Garage,2,N,Y,44.947945,-93.029167,N
179900,2,1,1344,4791,1937,77,3,Garage,103,Y,N,44.959538,-93.1716,N
289900,3,2,1635,5227,1921,93,1,Garage,2,N,N,44.931297,-93.171738,N
39900,2,1.75,1808,6098,1907,107,2,Garage,137,Y,N,44.966999,-93.028969,N
329900,3,1.5,1550,6534,1915,99,1,Garage,75,Y,N,44.933624,-93.171913,N
149900,4,1,1369,4791,1915,99,1,Garage,1,N,N,44.959923,-93.171761,N
84900,3,1.75,1133,8276,1915,99,1,Garage,57,Y,Y,,,Y
120000,3,1,1694,4791,1900,114,2,Garage,57,N,Y,44.974945,-93.10051,N
204900,4,1.5,2524,9147,1963,51,2,Garage,9,N,Y,44.956356,-93.035606,N
145000,4,2,1964,7840,1957,57,1,Garage,8,N,N,44.982666,-93.028503,N
269900,4,1.75,1406,5227,1918,96,2,Garage,74,Y,Y,44.928577,-93.172623,N
194900,4,1.5,1408,4791,1912,102,0,No,119,Y,Y,44.946823,-93.172516,N
149900,3,0.75,1224,3920,1886,128,2,Garage,103,Y,N,44.966194,-93.172638,N
74900,3,1.5,1178,5227,1920,94,4,Garage,137,Y,Y,44.996681,-93.306061,N
139900,2,1,738,2613,1922,92,1,Garage,83,N,N,44.928806,-93.249084,N
169900,4,2,1385,4356,1900,114,1,Garage,50,Y,N,44.961342,-93.172729,N
1195000,5,3.25,6247,18295,1908,106,3,Garage,137,Y,N,44.942043,-93.172813,N
99900,3,1,1241,5662,1917,97,1,Garage,137,Y,N,,,N
129900,3,1,1408,7405,1941,73,2,Garage,30,Y,N,44.960636,-93.027626,N
1100000,4,1.5,1334,5662,1900,114,1,Garage,138,N,N,44.949028,-93.304314,N
299900,3,2,1644,4356,1898,116,2,Garage,10,N,Y,44.960831,-93.173164,N
259900,3,1.75,1692,5227,1919,95,2,Garage,76,N,N,44.928185,-93.173241,N
189900,4,2,2230,11761,1964,50,2,Garage,15,N,N,44.947262,-93.027611,N
99000,3,1,949,10018,1908,106,1,Garage,11,N,N,44.964676,-93.027138,N
132900,3,1.75,1528,,1965,49,1,Garage,52,Y,N,44.947891,-93.027344,N
159900,3,1.5,649,,1923,91,1,Garage,137,Y,Y,44.964283,-93.027061,N
145000,3,1.25,1580,6534,1908,106,0,No,6,N,N,44.901024,-93.173897,N
259900,4,1.75,2758,6534,1879,135,2,Garage,119,Y,N,44.931992,-93.09288,N
169900,3,1.5,1503,9147,1900,114,2,Garage,117,Y,Y,44.929302,-93.092972,N
157000,4,1.5,1702,9626,1907,107,2,Garage,119,Y,Y,44.948441,-93.026619,N
162990,4,1.75,2102,6098,1917,97,2,Garage,15,N,Y,44.960636,-93.026497,N
70000,2,1,1000,7405,1940,74,1,Garage,137,Y,Y,44.977821,-93.026115,Y
117500,3,1,1176,4791,1957,57,1,Garage,57,Y,N,44.96608,-93.02597,N
165000,3,1.75,1246,4791,1955,59,1,Garage,137,N,Y,44.959534,-93.175064,N
104500,2,1,702,6098,1909,105,1,Garage,111,Y,N,44.900501,-93.175255,N
125000,3,1,1240,5227,1948,66,1,Garage,77,Y,N,44.961704,-93.175385,N
69000,1,1,710,,1885,129,0,No,110,Y,N,44.949211,-93.06321,N
98850,2,1,730,4356,1922,92,1,Garage,20,N,Y,44.984989,-93.024475,N
199786,3,2,1403,3484,1983,31,2,Garage,75,Y,N,44.905117,-93.175972,N
140000,3,2,1650,7405,1917,97,2,Garage,26,N,Y,44.972363,-93.024307,N
169900,3,1.5,1829,,1950,64,2,Garage,137,Y,N,44.956337,-93.024239,N
28250,3,1,1597,6534,1914,100,3,No,137,Y,N,44.997574,-93.306061,Y
72900,3,1,1177,4791,1939,75,2,Garage,77,Y,N,44.965145,-93.0242,N
409900,3,2.25,2218,10454,1954,60,2,Garage,7,N,N,44.911331,-93.176208,N
750000,4,3.25,3460,4791,2003,11,2,Garage,113,N,N,44.897522,-93.183685,N
129500,3,1.75,1533,4791,1917,97,2,Garage,72,Y,N,44.997787,-93.306602,N
84900,2,1,940,6534,1926,88,1,Garage,33,Y,N,45.035744,-93.303688,Y
39353,1,1.5,972,3920,1915,99,3,Garage,77,Y,N,44.970081,-93.023712,Y
99900,2,1,1218,7405,1890,124,2,Garage,137,Y,N,44.964069,-93.092842,N
384900,4,2,2468,6098,1926,88,2,Garage,119,Y,N,44.936756,-93.177429,N
214900,3,1,1529,4791,1925,89,1,Garage,114,Y,N,44.927692,-93.177414,N
499900,4,2.25,2085,9583,1938,76,2,Garage,92,N,N,44.922318,-93.177513,N
129850,3,1,1123,4791,1940,74,0,No,22,N,Y,44.964638,-93.023117,N
129850,2,1.5,1527,4356,1914,100,3,Garage,49,N,Y,44.970554,-93.022949,N
149900,4,1.5,1192,5662,1952,62,1,Garage,4,N,Y,44.988602,-93.022896,N
329900,3,2.75,1859,5227,1922,92,2,Garage,5,N,Y,44.935455,-93.17794,N
145000,3,1.75,1628,4791,1961,53,2,Garage,57,N,N,44.978676,-93.022942,Y
129500,4,1.75,1422,4791,1930,84,1,Garage,137,Y,Y,44.966042,-93.022285,N
62000,2,1,728,4791,1921,93,2,Garage,41,Y,N,44.978676,-93.022255,N
76000,2,1,660,4791,1925,89,1,Garage,119,Y,N,44.977257,-93.022263,N
128000,3,1.75,1645,4791,1938,76,2,Garage,137,N,N,44.978676,-93.022102,Y
129000,2,1.75,1194,5227,1900,114,3,Garage,18,N,N,44.919338,-93.077362,N
146900,3,2,2020,5227,1930,84,1,Garage,137,Y,N,44.985382,-93.021698,N
239900,2,1,1324,5227,2004,10,2,Garage,137,N,N,44.910278,-93.150124,N
109900,2,1,1086,4791,1951,63,1,Garage,99,Y,N,44.963734,-93.021523,N
155900,3,1.5,1255,5227,1908,106,2,Garage,6,N,N,44.919842,-93.077484,N
199850,2,1,826,5227,1922,92,1,Garage,35,N,N,44.934566,-93.179398,N
1799000,5,4.25,5702,27442,1928,86,3,Garage,135,N,N,44.940956,-93.179634,N
449900,4,1.75,2514,6098,1927,87,1,Garage,77,Y,N,44.930931,-93.179855,N
165000,3,1.75,1529,4791,1967,47,2,Garage,11,N,N,44.956486,-93.020775,N
279000,3,1.5,1568,5662,1912,102,2,Garage,118,Y,N,44.898327,-93.180298,N
49900,2,1,832,,1905,109,1,Garage,137,Y,N,44.974049,-93.10051,Y
150000,3,2,1486,5227,1923,91,1,Garage,7,N,Y,45.005375,-93.304611,N
299800,4,1.75,1742,6098,1932,82,1,Garage,119,Y,N,44.89772,-93.181023,N
179500,3,1.25,1248,5619,1905,109,4,Garage,119,N,N,44.963142,-93.181023,N
294999,4,2,2176,5227,1895,119,1,Garage,135,Y,N,44.954483,-93.180229,N
309900,5,2.75,2480,7405,1949,65,1,Garage,119,Y,N,44.913208,-93.181435,N
359900,3,1.5,1806,5227,1935,79,2,Garage,137,Y,N,44.92952,-93.181282,N
112900,2,1,860,4791,1925,89,2,Garage,119,Y,N,44.920166,-93.077171,N
119900,3,1.5,1308,5227,1924,90,2,Garage,8,N,Y,44.999603,-93.31369,N
48000,2,1.25,933,,1921,93,2,Garage,6,N,N,44.983177,-93.018791,N
159900,4,2,1915,5662,1951,63,1,Garage,119,Y,Y,44.964302,-93.019272,N
429900,4,2,2460,9147,1954,60,3,Garage,13,N,N,44.915005,-93.182076,N
514000,3,3.25,3542,12196,1890,124,6,Garage,18,Y,N,44.951889,-93.182068,N
144900,3,1,1536,9147,1954,60,1,Garage,10,N,Y,44.977242,-93.01825,N
199000,4,3,1981,,1916,98,0,No,92,Y,N,44.935566,-93.143753,N
549900,4,3.5,2852,6098,2013,1,2,Garage,137,N,Y,44.915821,-93.18335,N
344900,4,1.75,1532,5227,1924,90,1,Garage,77,N,N,44.932762,-93.184196,N
189900,3,1,1398,6098,1952,62,1,Garage,135,Y,N,44.907337,-93.184616,N
424000,4,3,3142,9583,1976,38,4,Garage,2,N,N,44.942215,-93.178291,N
137000,3,1.75,1326,5662,1958,56,1,Garage,113,N,N,44.902679,-93.185043,Y
129900,3,1,1800,8276,1957,57,2,Garage,82,Y,N,44.984974,-93.015129,Y
99900,4,1.75,1828,5227,1918,96,4,Garage,9,Y,N,45.000118,-93.309113,N
279900,3,1.75,1336,5227,1924,90,2,Garage,6,N,N,44.929535,-93.186226,N
174900,3,2.5,1623,7840,1957,57,1,Garage,75,Y,Y,44.991337,-93.01403,N
149900,3,1.5,1406,5227,1959,55,1,Garage,57,Y,N,45.033623,-93.231071,N
144900,4,2,1400,7405,1954,60,1,Garage,137,Y,N,44.979996,-93.014175,Y
179900,3,1,1064,5227,1962,52,1,Garage,137,Y,N,44.93528,-93.146996,N
169900,3,1.5,1943,10454,1953,61,1,Garage,72,N,N,44.959217,-93.013817,N
89900,3,1,624,10454,1921,93,0,No,136,Y,Y,44.958298,-93.013344,N
179000,4,2.25,1857,6098,1959,55,3,Garage,72,Y,Y,44.950401,-93.013329,N
314900,3,1.75,1725,4791,1922,92,4,Garage,57,Y,N,44.935867,-93.18811,N
135500,3,1.75,1200,4356,1954,60,1,Garage,70,Y,Y,44.958298,-93.012817,N
164900,4,2,2009,9147,1964,50,2,Garage,65,Y,N,44.941761,-93.005386,Y
650000,4,2.75,3880,9147,1961,53,2,Garage,137,Y,N,44.909416,-93.179977,N
149900,3,1.75,1647,6534,1954,60,2,Garage,43,N,Y,44.964619,-93.011681,N
178900,3,1.75,1387,136778,1964,50,2,Garage,20,N,N,44.908077,-93.01046,N
799000,5,3,3927,125452,1952,62,2,Garage,137,Y,N,44.905556,-93.166077,N
82500,5,1.5,1320,6534,1901,113,0,No,23,N,N,45.000618,-93.28756,N
69900,3,1,1600,5227,1909,105,2,Garage,137,Y,Y,45.001087,-93.311684,N
149900,2,1.5,1296,1306,1870,144,0,No,16,N,Y,44.935165,-93.113876,N
100000,4,1.5,1964,5662,1930,84,2,Garage,114,N,N,45.001324,-93.310394,N
105900,4,1.5,2198,4356,1910,104,1,Garage,36,N,N,45.001331,-93.286758,N
329900,3,1.5,1691,4791,1924,90,1,Garage,82,Y,N,44.930038,-93.19075,N
1195000,6,4.5,6328,16988,1910,104,2,Garage,107,N,N,44.949982,-93.190994,N
556877,4,3.25,2573,4791,1923,91,3,Garage,6,N,Y,44.927338,-93.191055,N
79500,3,,1091,5227,1925,89,1,Garage,1,N,Y,44.977676,-93.109253,N
209900,2,1,814,2178,1924,90,1,Garage,13,N,Y,44.926636,-93.282555,N
1325000,4,5.75,6783,35283,1953,61,3,Garage,137,N,N,44.90678,-93.170746,N
364500,4,2.25,2432,5662,1936,78,1,Garage,44,Y,N,44.924976,-93.191895,N
199900,5,2.25,2767,7840,1968,46,2,Garage,112,Y,N,44.943439,-93.008591,N
360000,3,1,1211,6534,1916,98,1,Garage,137,Y,Y,44.935001,-93.173004,N
134900,4,1,1709,6534,1960,54,2,Garage,8,N,N,44.965523,-93.008591,N
249900,2,1.25,994,4791,1929,85,1,Garage,5,N,N,44.920944,-93.193451,N
119500,2,1,1073,6969,1916,98,4,Garage,137,Y,N,45.010162,-93.256371,N
99900,2,1.75,1220,6534,1900,114,1,Garage,40,N,N,45.010315,-93.260712,N
479000,4,1.75,2358,7405,1935,79,1,Garage,137,Y,Y,44.922249,-93.194115,N
260000,3,1.5,1488,5227,1909,105,4,Garage,12,N,Y,45.010235,-93.234962,N
649900,5,3.25,3222,6098,1928,86,4,Garage,6,N,N,44.934578,-93.19426,N
194500,3,1.75,1814,7405,1960,54,4,Garage,106,N,N,44.939663,-93.006386,N
125000,4,1.5,1520,,1961,53,1,Garage,11,N,N,44.938816,-93.005432,N
113900,2,1.75,1296,4791,1951,63,2,Garage,8,N,N,44.988358,-93.110039,N
129000,4,2.25,1790,7405,1967,47,2,Garage,72,Y,Y,44.937168,-93.005188,N
78980,2,1,1415,7405,1939,75,1,Garage,69,Y,N,44.922497,-93.085938,N
769000,5,3.25,3715,7405,1912,102,2,Garage,111,N,N,44.959976,-93.298607,N
206000,2,1,1358,11761,1938,76,1,Garage,137,Y,Y,44.955853,-93.195251,N
125000,3,1.5,1468,5227,1909,105,2,Garage,137,Y,Y,45.002533,-93.299576,N
234900,3,2,1277,7405,1996,18,2,Garage,137,Y,Y,44.937901,-93.238503,N
229900,4,2,1288,5227,1926,88,1,Garage,39,N,N,45.009861,-93.227776,N
83900,3,1,1761,6534,1907,107,1,Garage,75,Y,N,45.002991,-93.298637,N
150000,4,2,1686,6969,1900,114,1,Garage,137,Y,N,44.967377,-93.195786,N
119900,2,1,732,4791,1914,100,1,Garage,85,Y,Y,44.939301,-93.238045,N
69900,4,1.5,3000,3484,1892,122,2,Garage,76,N,Y,45.003086,-93.304558,N
279900,3,1.75,1355,5227,1915,99,2,Garage,119,Y,Y,44.934448,-93.175499,N
2895000,6,5.75,7436,14374,1929,85,3,Garage,137,N,N,44.95879,-93.307182,N
549900,4,1.75,1945,5227,1908,106,2,Garage,2,N,Y,44.959061,-93.312729,N
385000,5,3.25,2568,20908,1901,113,2,Garage,103,N,N,45.012432,-93.265694,N
485000,5,1.75,3422,5662,1895,119,2,Garage,56,Y,N,44.958714,-93.290199,N
79000,2,1.25,1164,4791,1886,128,2,Garage,4,N,N,44.925117,-93.075577,N
105000,4,2,1064,7840,1906,108,2,Garage,9,N,Y,45.004261,-93.289085,N
40000,3,1,1086,4356,1911,103,1,Garage,42,Y,Y,45.003975,-93.311378,N
149900,4,2,1624,4356,1900,114,1,Garage,137,N,Y,44.958511,-93.255249,N
250000,3,1,1560,6534,1908,106,1,Garage,2,N,N,44.95837,-93.223541,N
3750000,5,5,6500,39639,1958,56,3,Garage,137,N,N,44.958099,-93.302704,N
995000,4,2.75,3119,7840,1927,87,2,Garage,77,N,N,44.957294,-93.313454,N
160000,3,1.5,1878,6098,1994,20,1,Garage,2,N,N,44.956982,-93.257103,N
119900,2,1,1369,6534,1905,109,2,Garage,6,N,Y,45.005322,-93.31369,N
239900,3,2.5,1694,4791,1907,107,2,Garage,14,N,N,44.956963,-93.283363,N
1935000,5,3,5008,6534,1929,85,2,Garage,137,N,N,44.957829,-93.312782,N
158000,2,1,1498,5227,1912,102,1,Garage,64,Y,N,45.01437,-93.237511,N
144900,3,1.25,1200,,1900,114,2,Garage,83,Y,N,45.014442,-93.252785,N
119900,2,1.5,671,5662,1946,68,1,Garage,42,Y,N,45.014572,-93.253975,N
1995000,3,2.75,5084,9147,1916,98,2,Garage,137,Y,N,44.956615,-93.312813,N
299000,3,1.75,1899,8712,1952,62,3,Garage,119,N,Y,44.908173,-93.174927,N
159990,3,1.5,1075,4356,1911,103,4,Garage,19,N,Y,44.924614,-93.074959,N
217500,3,1.75,1675,5227,1922,92,1,Garage,76,Y,Y,45.015247,-93.23497,N
164900,2,1,1021,5227,1908,106,1,Garage,119,Y,N,44.954918,-93.220749,N
139900,3,1,1345,5662,1908,106,2,Garage,15,Y,N,44.954685,-93.254601,N
1995000,4,5,5866,7840,1908,106,4,Garage,137,N,N,44.956608,-93.3032,N
214900,3,1.5,1344,6969,1925,89,2,Garage,34,Y,Y,45.016132,-93.242653,N
189900,3,1.75,1747,6969,1906,108,2,Garage,5,N,Y,44.928936,-93.073929,N
159900,2,1,1082,5227,1946,68,1,Garage,137,Y,N,45.016472,-93.229813,N
77000,5,1,1536,,1914,100,2,Garage,119,Y,N,45.007488,-93.293411,Y
935000,4,3,2630,4356,2013,1,2,Garage,119,N,Y,44.924568,-93.31279,N
159500,3,1.75,1248,4791,1926,88,2,Garage,72,Y,N,44.921539,-93.074249,N
169900,3,1,1580,4791,1955,59,2,Garage,57,N,Y,45.017147,-93.270401,N
848900,5,3.5,3602,6534,2013,1,2,Garage,137,N,N,44.953175,-93.32639,N
229900,3,1.5,1410,5749,1946,68,1,Garage,7,N,Y,44.894096,-93.314636,N
135000,4,2,2992,4356,2004,10,2,Garage,34,N,Y,45.00806,-93.298276,N
139900,4,2.75,1721,4791,1903,111,1,Garage,98,Y,N,44.952663,-93.249527,Y
475000,4,1.75,1925,5227,1924,90,1,Garage,6,N,Y,44.952461,-93.213135,N
159900,3,1,1086,5662,1900,114,1,Garage,5,N,Y,44.951519,-93.226059,Y
63000,2,1,1374,5052,1925,89,2,Garage,96,Y,N,45.015198,-93.316231,N
239900,4,1.75,2216,5227,1923,91,2,Garage,26,N,Y,45.018993,-93.2342,N
794000,4,3,3091,5227,1900,114,2,Garage,33,N,N,44.930225,-93.315216,N
134900,2,1,1082,4791,1903,111,2,Garage,18,N,Y,44.951515,-93.255913,N
19900,2,1,900,5227,1911,103,1,Garage,110,N,Y,45.009125,-93.306595,N
130000,2,1.5,2728,3484,1900,114,1,Garage,137,N,N,44.951389,-93.254654,N
205000,3,0.75,1421,5227,1906,108,1,Garage,137,N,N,44.951328,-93.218201,N
759900,5,3.5,3564,5227,2013,1,2,Garage,41,Y,Y,44.90456,-93.315552,N
100000,3,1,1444,5227,1958,56,1,Garage,1,N,Y,45.009163,-93.298996,N
69900,2,1,1337,4791,1890,124,0,No,70,Y,N,44.956448,-93.111977,N
168700,2,1,984,4791,1925,89,2,Garage,43,Y,N,44.951237,-93.222023,N
875000,5,3,4500,17859,1918,96,5,Garage,77,Y,N,44.951519,-93.210213,N
199900,3,1.5,1549,,1911,103,2,Garage,19,N,N,44.951008,-93.220016,N
145000,3,1,1575,5227,1948,66,4,Garage,40,N,Y,44.997311,-93.317169,N
174900,2,1,814,5227,1925,89,1,Garage,137,Y,Y,44.950649,-93.214378,N
379900,3,2.75,2246,4791,2003,11,2,Garage,64,N,Y,44.932919,-93.166077,N
439900,3,1.5,2118,13068,1957,57,3,Garage,137,Y,N,44.932194,-93.142609,N
51500,3,1,1419,6098,1869,145,2,Garage,51,Y,N,44.939312,-93.112396,N
199990,3,1.75,1266,5662,1925,89,2,Garage,1,N,Y,44.949921,-93.226677,N
99900,3,1,1490,4791,1926,88,1,Garage,100,Y,Y,45.00988,-93.31295,N
104900,2,1,1005,3920,1912,102,1,Garage,2,N,N,45.020714,-93.239929,N
545000,3,1.5,2003,6534,1926,88,2,Garage,104,Y,N,44.949421,-93.325867,N
289000,2,1,1358,2178,1914,100,1,Garage,7,N,N,44.915913,-93.316833,N
58800,4,1,2460,4791,1923,91,2,Garage,64,Y,N,45.00996,-93.302254,N
525000,3,2.25,2920,12196,1932,82,2,Garage,137,Y,N,44.949806,-93.327118,N
165000,5,2.5,2200,6534,1900,114,2,Garage,7,N,N,45.010025,-93.284454,N
57500,3,1,1271,4791,1914,100,2,Garage,15,N,Y,45.01009,-93.309135,N
63000,4,1,1522,4791,1908,106,2,Garage,20,N,N,45.010216,-93.290161,N
284900,3,1.5,1560,5227,1910,104,2,Garage,13,Y,N,44.949318,-93.219467,N
139990,2,1.75,1050,4791,1924,90,2,Garage,137,Y,N,44.923874,-93.098083,N
215000,4,2,1561,5227,1941,73,1,Garage,72,Y,Y,45.02137,-93.231079,N
134900,5,2.5,1819,7405,1889,125,2,Garage,44,N,Y,45.010544,-93.295929,N
99900,3,1,1148,4791,1927,87,1,Garage,13,N,Y,45.010723,-93.301537,N
159900,2,1,944,5227,1932,82,1,Garage,70,Y,N,45.022026,-93.231079,N
125000,4,3,2174,7840,1891,123,2,Garage,137,N,N,45.011108,-93.292686,Y
149900,5,1.75,1791,3920,1888,126,1,Garage,11,N,N,44.960278,-93.112579,N
104900,3,2,1388,5227,1921,93,1,Garage,33,Y,N,45.022533,-93.269981,N
484900,4,2,1961,6098,1900,114,2,Garage,105,Y,N,44.947693,-93.303032,N
159900,3,1.75,1492,5227,1981,33,2,Garage,92,N,N,44.923698,-93.072784,N
229900,5,3.25,3676,4791,1900,114,2,Garage,5,N,Y,44.947643,-93.264793,N
109900,2,1.25,1066,5662,1913,101,3,Garage,119,Y,N,44.947525,-93.223946,N
68000,2,1,996,5227,1914,100,1,Garage,137,N,N,45.012253,-93.30661,Y
89900,2,1.5,1610,5227,1900,114,1,Garage,18,N,N,45.012249,-93.306061,N
94900,3,1,1056,5227,1951,63,0,No,57,Y,N,44.950584,-93.035042,N
124900,2,1,1000,4356,1927,87,1,Garage,19,N,N,45.023315,-93.246414,N
335000,4,2,2257,5662,1927,87,2,Garage,8,N,Y,45.023701,-93.238029,N
259900,3,2.5,1836,9583,1941,73,4,Garage,6,N,N,45.023869,-93.231621,N
160000,2,1,992,6534,1922,92,1,Garage,13,N,N,44.946503,-93.209663,Y
224900,4,1.5,1260,6534,1916,98,2,Garage,65,Y,N,44.946362,-93.212341,N
164500,2,1,860,5227,1909,105,1,Garage,8,N,Y,44.946323,-93.216919,N
124900,2,1,1040,4791,1900,114,1,Garage,137,N,Y,44.946156,-93.263039,N
199000,5,2,2144,4791,1980,34,2,Garage,27,N,Y,45.024487,-93.246925,N
235900,3,1,1344,6534,1925,89,2,Garage,27,N,N,44.946232,-93.209663,N
39959,4,1.5,2480,5227,1909,105,2,Garage,41,Y,N,45.012665,-93.298477,N
25450,3,1.75,1762,3484,1900,114,1,Garage,113,Y,N,45.005005,-93.284035,N
199900,3,1,1221,5227,1925,89,2,Garage,5,N,Y,44.912312,-93.2257,N
219900,3,1.75,1272,4791,1948,66,2,Garage,63,Y,Y,45.025356,-93.227257,N
195000,3,1,1512,5227,1950,64,2,Garage,82,N,N,45.025303,-93.23674,N
169900,3,1,1198,3484,1900,114,2,Garage,57,N,Y,44.945126,-93.253418,N
210000,3,1.5,1465,5662,1913,101,2,Garage,57,N,Y,44.945045,-93.240211,N
215000,3,1.5,1716,,1920,94,2,Garage,57,Y,Y,44.945229,-93.213638,Y
219900,2,1,1003,3484,1939,75,1,Garage,7,N,N,44.945229,-93.208435,N
184900,3,1,1020,10890,2004,10,2,Garage,7,N,N,44.950218,-93.041665,N
389900,5,3.25,2170,5227,1908,106,1,Garage,137,Y,Y,44.94445,-93.28907,N
119000,2,1,1109,,1950,64,1,Garage,29,N,N,45.026104,-93.23748,N
72000,4,1,1812,5662,1908,106,2,Garage,43,N,Y,45.013695,-93.296478,N
164900,3,1,1116,5227,1951,63,1,Garage,57,Y,N,45.02631,-93.236732,N
69900,3,1,1198,4791,1922,92,2,Garage,136,N,N,45.013798,-93.293411,N
895000,4,2.75,2562,11761,1907,107,2,Garage,137,N,Y,44.943996,-93.303368,N
71900,2,1,744,,1916,98,1,Garage,104,Y,N,45.013905,-93.290176,N
174900,2,1,1307,4791,1950,64,2,Garage,43,Y,N,,,N
89900,3,1,1134,5227,1953,61,1,Garage,77,N,Y,45.014034,-93.303551,N
214900,3,2,1344,4356,1916,98,1,Garage,77,Y,Y,44.944164,-93.207932,N
88372,2,1,730,4791,1918,96,1,Garage,39,N,Y,45.014137,-93.312408,N
35000,1,1,768,4791,1913,101,2,Garage,85,N,N,45.014343,-93.306076,N
65000,2,1,986,5227,1926,88,1,Garage,43,Y,N,45.014397,-93.314247,N
149900,3,1,1843,6969,1918,96,3,Garage,98,Y,N,44.943542,-93.228867,Y
169900,2,1,824,4791,1925,89,2,Garage,40,Y,Y,44.943726,-93.214928,N
84900,3,1.5,1756,5227,1930,84,1,Garage,83,Y,N,45.01458,-93.312408,N
48500,1,1,833,5662,1920,94,2,Garage,104,Y,Y,45.014652,-93.291428,N
175000,3,1,997,5227,1922,92,2,Garage,75,Y,Y,45.027542,-93.234184,N
150900,3,2.5,1456,5662,1979,35,2,Garage,64,Y,N,44.94302,-93.269867,Y
64900,3,1,1350,6098,1928,86,1,Garage,137,Y,N,45.015152,-93.302277,Y
139900,3,1,1460,4356,1924,90,1,Garage,137,Y,N,44.942924,-93.224007,Y
174900,4,2.75,1760,4791,1941,73,1,Garage,29,N,N,44.908764,-93.223701,N
104900,3,2,1252,6534,1922,92,4,Garage,33,N,Y,45.015465,-93.292152,N
119900,5,2,1355,6534,1887,127,1,No,77,N,N,44.933987,-93.113647,N
179900,2,1.5,1140,7840,1952,62,2,Garage,36,N,N,45.028439,-93.232262,N
89900,2,1,1094,5227,1923,91,1,Garage,8,N,Y,45.015713,-93.299019,N
149900,3,2,2006,5227,1912,102,2,Garage,97,N,Y,45.015743,-93.304092,N
96900,4,1.75,1679,5227,1947,67,3,Garage,92,Y,Y,45.015839,-93.311691,N
89900,2,1,1187,5227,1895,119,1,Garage,1,N,Y,45.015793,-93.289635,N
339000,3,1,1680,5227,1900,114,2,Garage,137,Y,N,44.942142,-93.301247,N
125000,2,1,1372,5227,1924,90,2,Garage,137,Y,N,45.015953,-93.314247,N
109900,3,2,1632,5662,1930,84,2,Garage,52,Y,N,45.01606,-93.299019,N
75000,3,1,1132,7405,1913,101,2,Garage,13,N,N,45.01614,-93.286057,N
69500,2,1,1564,,1948,66,2,Garage,1,N,N,45.016319,-93.304092,N
749000,5,3.25,2879,4791,1910,104,2,Garage,4,N,Y,44.941494,-93.299973,N
99900,3,1.25,1442,5662,1917,97,1,Garage,20,N,N,45.01643,-93.290901,N
122000,3,1,1346,5662,1933,81,5,Garage,137,Y,N,45.016613,-93.297745,Y
224900,4,2,1915,10454,1946,68,3,Garage,57,N,N,45.029263,-93.239311,N
158900,3,1.75,2300,5227,1965,49,2,Garage,96,Y,N,45.029285,-93.245148,N
389900,4,2.25,2018,6098,1995,19,2,Garage,18,N,N,44.931324,-93.164841,N
2990000,4,4,6293,34848,1925,89,7,Garage,137,Y,N,44.935539,-93.126999,N
99900,3,1,1134,5662,1902,112,2,Garage,137,Y,N,44.941032,-93.231148,N
399900,3,3,2888,3920,1906,108,1,Garage,71,Y,N,44.959381,-93.222046,N
299900,3,1.5,1402,5227,1904,110,3,Garage,113,N,Y,44.940964,-93.287231,N
76900,2,1,1125,6098,1900,114,1,Garage,29,N,N,44.94091,-93.246986,N
79900,4,1,1280,4791,1909,105,2,Garage,3,N,Y,45.017178,-93.302811,N
234900,3,1.75,1841,6534,1961,53,1,Garage,119,Y,Y,45.029888,-93.230478,N
57900,2,1,550,5662,1925,89,1,Garage,119,Y,Y,45.017239,-93.309891,N
205000,3,2.25,1651,5662,2013,1,2,Garage,137,Y,N,44.940784,-93.264191,N
80000,3,1,1240,4791,1926,88,2,Garage,137,Y,Y,45.017391,-93.302818,N
84900,3,1,1234,5227,1925,89,1,Garage,110,N,N,45.017368,-93.299736,N
79900,3,1.75,1325,4791,1921,93,2,Garage,63,Y,N,45.017628,-93.306084,N
124900,3,1.75,1254,5227,1893,121,1,Garage,119,Y,N,45.0177,-93.30027,N
135000,2,0.75,750,4791,1912,102,1,Garage,137,Y,Y,44.940208,-93.215668,N
184900,4,2,1594,4791,1906,108,0,No,51,N,Y,44.940292,-93.260941,N
94900,4,1.75,1326,5227,1924,90,1,Garage,48,N,Y,45.017899,-93.313705,N
239900,3,1.75,1736,8276,1950,64,2,Garage,50,N,Y,45.030777,-93.227814,N
175000,3,2.25,1828,5662,1910,104,2,Garage,63,N,N,44.939941,-93.249504,N
64900,5,1,1320,5662,1912,102,2,Garage,96,Y,Y,45.017998,-93.293961,N
119900,2,1,786,4791,1940,74,2,Garage,16,N,Y,45.018089,-93.311165,N
128900,3,1.75,1200,5227,1926,88,3,Garage,68,N,Y,45.018135,-93.300262,N
159786,3,1.75,1480,5227,1912,102,1,Garage,15,N,Y,44.9398,-93.273132,N
239900,2,1,1037,6969,1909,105,2,Garage,68,N,N,44.939865,-93.281868,N
149000,2,1,752,6098,1915,99,2,Garage,89,N,Y,44.9398,-93.225296,N
109900,3,1.75,1358,,1923,91,2,Garage,49,N,Y,45.018265,-93.305359,N
145000,4,1.75,1921,4791,1909,105,1,Garage,86,N,Y,45.018284,-93.307899,N
79900,3,1.75,1793,5227,1939,75,1,Garage,13,N,N,45.018524,-93.311722,N
239900,4,1,1900,9583,1952,62,2,Garage,18,N,Y,45.031948,-93.231999,N
74900,2,1.25,1123,4791,1889,125,2,Garage,137,Y,N,44.929062,-93.083443,N
349900,3,2,1578,4791,1915,99,3,Garage,19,N,Y,44.930984,-93.165375,N
77900,3,1.75,1298,5227,1914,100,2,Garage,82,Y,N,45.018749,-93.302811,N
154900,3,1,1378,6534,1903,111,1,Garage,75,Y,N,44.939388,-93.245712,N
92500,4,1.75,1924,4791,1923,91,3,Garage,119,Y,Y,45.018646,-93.288391,N
1250000,4,3,4570,10890,1929,85,2,Garage,137,Y,N,44.939522,-93.321236,N
79900,4,1.5,1292,4356,1922,92,1,Garage,26,N,Y,45.018829,-93.297211,N
224900,3,2,2110,5662,1900,114,2,Garage,44,N,N,44.939159,-93.276253,N
162900,2,1,868,5227,1916,98,1,Garage,98,Y,N,44.939323,-93.211105,N
225000,3,2,1344,7840,1903,111,4,Garage,137,Y,N,44.939156,-93.214928,N
54900,3,1.5,1207,5662,1917,97,2,Garage,40,N,N,45.018921,-93.28965,N
195000,3,1,1345,4791,1929,85,1,Garage,13,N,N,44.939049,-93.217491,N
69900,3,1,1128,5227,1914,100,1,Garage,2,N,N,45.019058,-93.299728,N
109900,3,1,1072,5227,1926,88,0,No,82,Y,Y,45.019337,-93.309189,N
1895000,4,3.75,6330,17424,2011,3,3,Garage,137,N,Y,44.957077,-93.328606,N
150000,2,1.75,1961,5662,1937,77,2,Garage,33,N,N,45.01936,-93.318047,Y
171900,2,1,1004,6098,1951,63,3,Garage,77,Y,Y,45.031955,-93.230482,Y
194900,3,1,1836,5227,1913,101,2,Garage,4,N,Y,44.93874,-93.234291,N
84900,3,1,1604,4791,1915,99,1,Garage,137,Y,Y,45.01939,-93.300995,N
113900,4,2,1660,4791,1884,130,2,Garage,4,N,Y,44.973076,-93.085403,N
274900,2,1.75,930,4791,1948,66,1,Garage,57,N,N,44.951183,-93.324776,N
65000,2,1,1200,5662,1916,98,1,Garage,65,Y,N,45.019672,-93.290916,N
189900,3,1.25,1549,,1949,65,2,Garage,68,Y,N,45.032471,-93.243111,N
223900,4,2,1904,6098,1910,104,2,Garage,6,N,N,44.938416,-93.227539,N
302000,3,1.75,1804,5227,1916,98,1,Garage,102,Y,Y,44.938213,-93.285248,N
224900,4,1.75,1852,6098,1956,58,2,Garage,77,N,Y,45.03281,-93.241837,N
179900,3,1.75,1914,6098,1925,89,2,Garage,75,Y,Y,45.020073,-93.316246,N
69900,2,1.5,1264,5227,1926,88,1,Garage,137,Y,N,45.019947,-93.302811,N
419000,3,2,1495,5662,1954,60,2,Garage,20,Y,Y,44.937969,-93.299271,N
215900,4,1.75,2384,6534,1985,29,2,Garage,40,N,Y,45.032902,-93.229851,N
90000,3,1,1847,5227,1941,73,2,Garage,82,Y,N,45.020077,-93.305367,Y
32500,2,2,858,6534,1913,101,2,Garage,77,Y,N,45.019955,-93.285408,N
64000,3,1,1794,,1947,67,2,Garage,54,Y,N,45.020084,-93.306099,N
205000,4,1.75,1796,23958,1956,58,1,Garage,43,Y,N,45.033161,-93.2575,N
109000,1,1,1122,5227,1920,94,2,Garage,41,N,N,44.938129,-93.211113,N
87900,2,1,1150,7840,1900,114,1,Garage,12,N,Y,44.937962,-93.269806,N
129900,3,2,1540,8276,1924,90,2,Garage,12,N,N,45.020283,-93.309898,N
164900,3,1.75,1430,5227,1926,88,2,Garage,89,Y,Y,45.032928,-93.240562,N
134900,3,1.75,1662,4356,1976,38,2,Garage,12,N,N,45.020332,-93.313705,N
143900,2,1,1152,6534,1950,64,1,Garage,86,Y,N,45.033108,-93.243843,N
449000,3,3.5,2588,5662,1999,15,4,Garage,137,N,N,44.941654,-93.115059,N
279900,4,1.5,2568,3049,1907,107,0,No,106,Y,Y,44.952145,-93.187653,N
199900,3,1,1092,3484,1917,97,0,No,92,Y,N,44.937473,-93.286636,N
229000,4,1.75,1435,5227,1909,105,2,Garage,119,N,N,44.912755,-93.219996,N
189900,3,1.75,1806,4791,1957,57,1,Garage,15,N,Y,44.937416,-93.248268,N
184900,2,1,850,5227,1925,89,2,Garage,48,N,N,44.937428,-93.220047,N
234900,4,1.75,1612,6098,1966,48,2,Garage,39,N,N,45.033901,-93.228569,Y
129900,2,1,1004,6534,1981,33,2,Garage,117,Y,N,45.034046,-93.227318,N
79900,3,1,1279,4791,1916,98,1,Garage,137,Y,Y,45.020844,-93.297195,N
129900,3,2.25,2302,5227,1906,108,4,Garage,137,Y,N,44.937149,-93.262909,Y
34900,2,1,907,3571,1909,105,0,No,72,Y,N,44.97076,-93.085213,N
269900,3,1,1469,5662,1929,85,1,Garage,7,N,N,44.937168,-93.210571,N
229900,4,3,2312,4356,1914,100,1,Garage,77,N,Y,44.93697,-93.267166,N
75000,2,1,640,4791,1956,58,1,Garage,27,N,N,44.924202,-93.070099,N
134900,3,1,1295,5227,1928,86,1,Garage,15,N,Y,45.021439,-93.311188,N
145000,3,1.5,1592,,1927,87,2,Garage,119,Y,N,45.021412,-93.297729,N
139900,3,1,1380,5662,1945,69,1,Garage,30,N,N,45.021553,-93.315544,N
149900,3,1,1292,5227,1942,72,2,Garage,97,Y,N,45.034411,-93.264902,N
130000,3,1,1330,5227,1939,75,2,Garage,22,N,N,45.021553,-93.309914,N
112500,3,1,1525,5227,1885,129,2,Garage,19,Y,Y,45.021675,-93.312996,N
89900,3,1,1036,4791,1908,106,2,Garage,105,N,Y,45.021603,-93.296486,N
169900,4,1.5,1470,5227,1958,56,1,Garage,119,N,N,45.034935,-93.267296,N
159900,2,1.75,1095,5662,1920,94,2,Garage,22,Y,Y,44.936272,-93.220039,Y
78000,3,1.5,1580,6098,1915,99,1,Garage,137,Y,Y,45.021851,-93.306099,N
50000,3,2,1080,4791,1898,116,2,Garage,119,N,Y,44.923306,-93.070122,N
59900,4,1.5,1922,3484,1900,114,0,No,34,Y,N,44.957249,-93.070892,N
189900,4,1.5,1344,8276,1905,109,2,Garage,19,N,N,44.935703,-93.225563,N
135900,3,1.5,1420,8712,1910,104,2,Garage,9,N,N,44.935768,-93.265465,N
596370,4,3.25,2681,3920,2012,2,2,Garage,137,N,N,44.917683,-93.218826,N
139900,1,1.5,830,,1916,98,1,Garage,119,Y,N,44.935509,-93.222023,N
150000,4,1,1842,4791,1910,104,2,Garage,119,N,Y,44.973083,-93.084801,N
949900,4,3.5,3625,6098,1979,35,2,Garage,96,N,N,44.934601,-93.316811,N
58000,3,1,1119,4791,1923,91,2,Garage,70,Y,N,45.022694,-93.303574,N
119900,3,1.5,1504,3484,1884,130,0,No,112,N,N,44.972641,-93.08474,N
99900,1,1,764,6098,1916,98,1,Garage,71,Y,N,44.935104,-93.257057,N
824110,4,3,3298,7840,2014,0,2,Garage,15,N,Y,44.932201,-93.327393,N
189900,3,1.5,1392,,1916,98,1,Garage,119,Y,Y,44.935104,-93.26664,N
94900,3,1,1080,7840,1950,64,1,Garage,44,N,Y,45.023079,-93.286095,N
154900,4,1.75,2190,5227,1931,83,2,Garage,70,Y,N,45.023071,-93.312492,N
78000,2,1,966,5227,1920,94,1,Garage,86,N,Y,45.023071,-93.313766,N
189995,2,1,1256,4791,1918,96,2,Garage,65,N,N,44.934826,-93.259064,N
479000,4,1.75,2277,4791,1940,74,2,Garage,100,Y,N,44.934689,-93.206757,N
1789411,3,2.75,2855,3920,2013,1,2,Garage,6,N,Y,44.934776,-93.31562,N
69000,2,1,1060,5227,1925,89,2,Garage,134,N,N,45.023945,-93.314339,Y
1695000,4,4,5581,15245,1929,85,3,Garage,33,N,Y,44.934788,-93.314468,N
182900,2,1.75,2258,5662,1925,89,1,Garage,8,N,N,44.934128,-93.211838,N
650000,4,3.5,3024,,1946,68,2,Garage,57,N,Y,44.909157,-93.328186,N
129900,5,2,2012,,1922,92,3,Garage,112,Y,Y,45.024178,-93.287628,N
164500,2,1,899,5227,1900,114,2,Garage,5,N,Y,44.933861,-93.217514,N
189900,4,3,1768,3920,1909,105,2,Garage,90,N,Y,44.972153,-93.084404,N
189900,3,1,1682,5227,1929,85,2,Garage,95,Y,N,45.024467,-93.314346,Y
140000,2,1.5,1366,5227,1921,93,2,Garage,77,N,N,44.93364,-93.238808,N
95000,2,1,1396,5662,1907,107,2,Garage,76,Y,N,44.933567,-93.225761,N
108000,2,1,1289,4791,1915,99,2,Garage,16,N,N,44.93362,-93.231735,N
229900,3,1.75,2095,6098,1914,100,1,Garage,2,N,N,44.933697,-93.264091,N
159777,3,1,1144,5227,1918,96,1,Garage,137,Y,Y,44.933632,-93.234299,N
48900,3,1.75,1618,4791,1952,62,2,Garage,8,N,N,45.024677,-93.295967,N
841100,4,3.25,2894,5662,2014,0,2,Garage,12,N,N,44.93362,-93.318602,N
665000,4,1.75,2628,10454,1954,60,2,Garage,67,N,N,44.933239,-93.31971,N
44900,2,1.75,1728,4791,1924,90,2,Garage,71,Y,N,45.024742,-93.288963,N
93408,2,0.75,672,5227,1922,92,1,Garage,72,Y,Y,45.02494,-93.314354,N
114900,1,1,632,5227,1917,97,1,Garage,63,N,N,44.93314,-93.240082,N
89900,3,1.5,1812,5227,1916,98,2,Garage,57,N,N,45.024994,-93.294724,N
137900,2,1.75,1776,4791,1905,109,1,Garage,13,N,Y,44.932972,-93.266624,N
379900,3,1.75,2100,5227,1910,104,2,Garage,57,Y,N,44.932838,-93.286018,N
114900,2,1,960,5662,1911,103,2,Garage,26,N,N,44.932705,-93.249481,N
79900,3,1,1404,4791,1919,95,1,Garage,82,Y,N,45.025185,-93.288963,N
99900,2,1,1000,5227,1910,104,2,Garage,137,N,N,45.025314,-93.293999,N
950000,4,4,4141,7840,1955,59,2,Garage,49,N,Y,44.932465,-93.319191,N
169900,2,1,1065,4791,1925,89,2,Garage,77,N,N,44.932652,-93.236801,N
329900,4,1,1654,5227,1910,104,2,Garage,2,N,N,44.932636,-93.285286,N
249900,3,2,1909,4791,1925,89,1,Garage,44,N,Y,44.932537,-93.243172,N
249900,4,1.75,2456,5227,1911,103,3,No,57,Y,Y,44.932529,-93.285286,N
76000,3,1,1200,5227,1939,75,1,Garage,114,Y,N,45.025631,-93.310555,Y
1295000,4,4.75,4056,8712,1927,87,3,Garage,82,N,N,44.932133,-93.319199,N
169900,3,2,1930,4791,1914,100,2,No,20,N,Y,44.932064,-93.246941,N
106900,2,1,1237,4791,1919,95,0,No,41,Y,N,44.932102,-93.265938,N
89900,3,1,1010,5662,1917,97,2,Garage,134,Y,N,45.026051,-93.296547,N
193000,3,1,1407,5227,1977,37,4,Garage,137,Y,N,44.932102,-93.214943,N
849900,4,3.25,3689,5227,2014,0,2,Garage,13,N,N,44.932026,-93.327556,N
1250000,5,4,4846,7840,2013,1,2,Garage,12,N,N,44.931889,-93.326111,N
89900,3,1.5,784,6098,1914,100,1,Garage,44,Y,N,44.931702,-93.224396,N
849900,4,3.25,3689,5227,2014,0,2,Garage,13,N,Y,44.93187,-93.327393,N
139900,2,1.25,1272,4791,1913,101,2,Garage,18,N,N,44.931515,-93.243164,N
80000,3,1,1295,4791,1917,97,2,Garage,77,N,N,45.026588,-93.294029,N
1050000,5,3.25,3612,5227,2014,0,2,Garage,86,N,Y,44.931473,-93.326843,N
89900,2,1,1233,5227,1924,90,1,Garage,75,N,Y,45.02681,-93.310028,N
999000,5,3.25,3517,4791,2013,1,2,Garage,13,N,Y,44.931313,-93.326851,N
226000,5,2,1672,,1911,103,2,Garage,119,Y,Y,44.931286,-93.266617,N
899900,5,3.25,3467,4791,2013,1,2,Garage,137,N,Y,44.931695,-93.326672,N
99900,3,0.75,1008,5227,1924,90,1,Garage,137,Y,N,45.027035,-93.315132,Y
54500,3,1,1304,,1928,86,2,Garage,106,N,Y,45.027008,-93.291512,N
120000,3,1,1450,4791,1922,92,1,Garage,137,Y,N,45.027138,-93.295311,N
169900,2,1,932,4791,1915,99,1,Garage,103,N,N,44.931061,-93.208015,N
135000,2,1.75,1320,5227,1923,91,1,Garage,48,Y,N,45.027363,-93.312592,N
154900,3,1,1135,,1925,89,2,Garage,14,N,N,45.027466,-93.310036,N
224900,2,1,1250,4356,1915,99,3,Garage,19,N,N,44.930668,-93.238106,N
148800,2,1,668,,1927,87,2,Garage,93,Y,N,44.930832,-93.208549,N
195000,3,1.75,1996,7840,1967,47,2,Garage,8,N,Y,44.944675,-93.023735,N
115000,4,1.5,1769,6969,1994,20,1,Garage,137,N,N,45.02774,-93.29026,N
129900,2,1,690,5227,1915,99,1,Garage,41,N,N,44.930248,-93.227943,N
185000,3,1.75,1868,5227,1912,102,1,Garage,103,Y,Y,44.930202,-93.247719,Y
1199900,5,3.5,4434,6534,2014,0,3,Garage,12,N,Y,44.930218,-93.324837,N
199900,3,1,1168,5227,1920,94,2,Garage,1,N,N,44.929806,-93.233765,N
875000,5,3.5,3303,5662,2005,9,3,Garage,63,N,N,44.929779,-93.29171,N
119900,4,2,1400,5662,2007,7,2,Garage,50,Y,N,45.02811,-93.298061,N
179900,3,1.5,1258,5227,1902,112,1,Garage,111,Y,Y,44.929783,-93.219498,N
167500,3,1.75,1072,4791,1926,88,2,Garage,57,Y,Y,44.929596,-93.236809,N
139900,2,1,952,4791,1915,99,2,Garage,107,Y,Y,44.929634,-93.2621,Y
124900,3,1,1176,5227,1926,88,4,Garage,30,N,N,45.028839,-93.313171,N
205900,2,1,1400,4791,1942,72,1,Garage,137,N,N,44.92915,-93.245697,N
425000,5,3.5,3456,5227,2013,1,2,Garage,97,N,N,44.929043,-93.215668,N
187500,3,1.5,1620,3484,1964,50,1,Garage,20,N,N,44.928791,-93.248337,N
169900,4,1.75,1717,,1919,95,4,Garage,30,N,N,44.95343,-93.174278,N
205000,5,2.25,1852,9147,1965,49,2,Garage,105,Y,N,44.939888,-93.00914,N
125000,4,1.5,1320,3920,1900,114,1,Garage,137,Y,N,44.926365,-93.102654,N
230000,2,1,1453,6098,1936,78,2,Garage,14,N,N,44.92849,-93.249458,N
179900,3,1,1203,6098,1927,87,2,Garage,119,Y,Y,44.928307,-93.255829,N
559900,5,3.25,3209,,2013,1,4,Garage,12,N,Y,44.92907,-93.1623,N
184900,2,2,1420,5227,1911,103,2,Garage,74,Y,N,44.928329,-93.217506,N
159900,3,1.75,1505,5227,1924,90,3,Garage,5,N,Y,45.029854,-93.313942,N
2100000,4,4,4514,12196,2013,1,4,Garage,15,N,Y,44.928116,-93.31015,N
179900,2,1.5,1220,7405,1909,105,1,Garage,6,N,N,44.933514,-93.089203,N
139900,2,0.75,833,5227,1912,102,1,Garage,13,N,N,44.927692,-93.214401,N
164900,3,1.5,1676,4791,1950,64,2,Garage,136,Y,Y,45.030525,-93.313202,N
159900,1,1,750,4791,1909,105,1,Garage,20,N,N,44.927593,-93.213127,N
147567,3,1,1344,7840,1925,89,2,Garage,137,Y,N,44.926289,-93.102859,N
220000,4,2,2736,4791,1915,99,2,Garage,57,N,N,,,N
179900,2,1,1022,4791,1914,100,1,Garage,65,N,Y,44.927486,-93.238113,N
224900,3,1.75,1980,5227,1909,105,2,Garage,6,N,Y,44.927219,-93.248932,N
245000,3,1.75,1482,4791,1914,100,2,Garage,2,N,N,44.927109,-93.24894,N
349500,4,2.25,1916,7405,1961,53,2,Garage,119,Y,N,44.92728,-93.205803,N
3775000,4,4.5,5670,15245,2000,14,3,Garage,137,N,N,44.954094,-93.319405,N
75000,4,2,2163,6534,1904,110,1,Garage,26,Y,N,45.031807,-93.291573,N
1399900,4,4,4368,13068,1928,86,2,Garage,7,Y,Y,44.926483,-93.29586,N
349900,3,2.25,1800,5662,2013,1,2,Garage,137,N,Y,44.926529,-93.226044,N
174900,3,2,1586,6098,1955,59,2,Garage,112,N,N,44.926426,-93.250763,N
309900,4,2.25,2047,5227,1906,108,4,Garage,69,Y,N,44.926384,-93.280891,N
299900,4,2,1653,5662,1996,18,2,Garage,14,N,N,44.92643,-93.225288,N
237000,3,1.75,1621,5227,1924,90,2,Garage,57,N,N,44.926437,-93.257851,N
159000,3,2.25,1970,6534,1929,85,1,Garage,137,N,Y,45.031742,-93.29921,N
105000,3,1,1042,6098,1923,91,1,Garage,1,N,Y,45.032375,-93.297943,N
228420,3,2.5,1578,4791,1923,91,1,Garage,57,Y,N,44.926136,-93.245689,N
184900,3,2,1922,6534,1932,82,2,Garage,65,Y,N,45.032288,-93.316528,N
189900,3,1.5,1620,6098,1953,61,2,Garage,19,N,N,44.92561,-93.250237,N
99900,2,1,1100,4791,1923,91,3,Garage,15,N,Y,45.032719,-93.297958,N
154900,3,1.75,2164,6098,1926,88,2,Garage,111,Y,N,45.0327,-93.314537,Y
233900,2,1,1306,5227,1915,99,2,Garage,137,Y,N,44.925518,-93.279587,N
120000,5,1,2060,4791,1928,86,2,Garage,14,N,N,45.032669,-93.312691,N
1675000,4,4.25,6279,14374,1917,97,2,Garage,137,N,N,44.925224,-93.293938,N
359900,4,2.5,1624,4791,2014,0,2,Garage,111,N,Y,44.925419,-93.266663,N
164900,3,1,1532,7405,1957,57,2,Garage,51,N,N,44.954025,-93.007446,N
359000,3,2.25,1956,4791,2014,0,2,Garage,68,N,N,44.924938,-93.231735,N
995000,6,4.25,5401,10890,1922,92,3,Garage,96,N,Y,44.924847,-93.294601,N
193500,2,1,950,4356,1912,102,1,Garage,19,N,N,44.9249,-93.256554,N
399900,3,2.5,2000,4791,2013,1,2,Garage,56,N,Y,44.924839,-93.275719,N
299900,4,2,2485,5662,1902,112,2,Garage,137,Y,Y,44.995556,-93.258278,N
63000,4,2,1469,4791,1887,127,4,Garage,105,Y,N,44.925083,-93.067413,N
104900,2,1,1002,4791,1925,89,4,Garage,137,Y,Y,45.033886,-93.313263,Y
274900,5,2.25,2292,5662,1955,59,2,Garage,13,N,N,44.924606,-93.210571,N
1450000,4,2.75,3740,15245,1956,58,2,Garage,93,N,N,44.924053,-93.295921,N
99900,2,1,835,5227,1923,91,1,Garage,23,N,N,44.924351,-93.269272,N
359900,4,2.5,1624,5662,2014,0,2,Garage,119,N,Y,44.924171,-93.260376,N
89900,3,1,1455,5662,1923,91,1,Garage,137,Y,N,45.034271,-93.303787,Y
279900,4,1.5,2860,4791,1932,82,1,Garage,65,N,N,44.924122,-93.266685,N
137500,3,1,1383,4791,1926,88,1,Garage,23,N,N,44.924026,-93.268555,N
199900,3,2,1350,4356,1915,99,1,Garage,20,N,Y,44.923805,-93.255295,N
1195000,5,4.75,4921,,1930,84,3,Garage,137,N,N,44.923386,-93.293945,N
179900,2,1.5,1016,5227,1915,99,2,Garage,57,Y,N,44.923733,-93.228668,N
318500,4,2.75,2880,5227,2003,11,2,Garage,68,Y,Y,44.923397,-93.227959,N
135000,3,1,1412,5227,1947,67,1,Garage,137,Y,N,45.03508,-93.310188,N
67000,4,1,1248,4791,1895,119,1,Garage,18,N,N,44.962708,-93.118477,N
169900,3,1.25,1496,4791,2001,13,1,Garage,137,Y,Y,44.926327,-93.103859,N
350000,4,3,1690,,1930,84,1,Garage,137,N,Y,44.923183,-93.24823,N
229000,3,1.5,1046,5227,1900,114,2,Garage,137,Y,Y,44.922901,-93.282906,N
424900,3,2.5,1948,5227,2013,1,4,Garage,137,N,Y,44.922916,-93.211838,N
195000,1,1,900,5662,1910,104,4,Garage,30,N,N,44.922619,-93.285355,N
1695000,7,4,6499,16117,1915,99,2,Garage,118,N,N,44.922359,-93.294662,N
90000,2,2,1039,3920,1900,114,1,Garage,137,Y,N,45.036114,-93.3013,N
157700,2,1,1250,4791,1917,97,2,Garage,16,N,N,44.922588,-93.212379,N
1495000,4,3.75,4973,16552,1905,109,2,Garage,137,Y,N,44.92181,-93.294716,N
119000,3,1,1280,4791,1925,89,2,Garage,65,Y,N,45.036491,-93.312027,Y
254900,5,3,2640,6969,1940,74,2,Garage,69,Y,N,44.922264,-93.214409,N
189900,3,1.75,1489,5227,1921,93,2,Garage,19,N,N,44.922153,-93.212379,N
225000,2,1.75,1548,5227,1974,40,4,Garage,6,N,N,44.994751,-93.254074,N
839900,5,3.25,3574,5662,2013,1,2,Garage,9,N,Y,44.921253,-93.323616,N
194000,4,1,1213,5227,1950,64,1,Garage,119,Y,N,44.921272,-93.271141,N
799000,5,3,3225,5227,2013,1,2,Garage,137,N,Y,44.921124,-93.326241,N
1179000,5,3.25,4330,6534,2014,0,2,Garage,119,N,Y,44.920986,-93.32692,N
179900,3,1.75,1409,5227,1924,90,2,Garage,5,N,N,44.921165,-93.269852,N
194900,3,1.75,1790,6969,1948,66,2,Garage,1,N,Y,45.037888,-93.315109,N
165000,2,1,1100,,1916,98,2,Garage,97,Y,N,44.921104,-93.211113,Y
839900,4,3.25,3475,5227,2013,1,2,Garage,57,N,Y,44.920712,-93.325829,N
159900,3,1,1216,,1921,93,1,Garage,106,N,N,44.954853,-93.175568,N
159900,4,1.75,2000,6534,1949,65,2,Garage,77,Y,N,45.038383,-93.318909,N
89900,2,1,780,5009,1900,114,1,Garage,92,N,N,45.037506,-93.289215,N
145000,3,1,1516,,1950,64,1,Garage,65,Y,Y,45.038525,-93.313919,N
1400000,4,3.25,4181,16988,1925,89,2,Garage,137,N,N,44.920345,-93.295059,N
105900,3,2,1408,6098,1914,100,2,Garage,106,Y,Y,44.920139,-93.216293,N
99000,3,1,2330,8712,1922,92,1,Garage,1,N,N,44.955227,-93.015526,Y
66900,2,1,1400,4791,1929,85,1,Garage,43,Y,N,45.038704,-93.312065,N
349000,2,1.5,1715,5662,1908,106,2,Garage,119,Y,N,44.919327,-93.320534,N
156900,3,1,1521,5227,1947,67,2,Garage,137,Y,N,45.03878,-93.313332,N
143900,3,1.25,1794,5227,1948,66,2,Garage,137,Y,N,45.039028,-93.312065,N
89900,3,1,1706,5227,1924,90,2,Garage,27,N,N,45.039162,-93.294342,N
279900,3,1.5,1608,4356,1910,104,2,Garage,16,N,N,44.918522,-93.287895,N
249900,3,1,1154,5227,1921,93,2,Garage,13,N,N,44.917427,-93.250778,N
229900,3,2,1658,5227,1915,99,1,Garage,40,N,N,44.917442,-93.263542,N
174900,3,1.5,1642,6098,1951,63,1,Garage,119,Y,N,45.040882,-93.318985,N
575900,5,3.5,3564,4791,2008,6,2,Garage,137,Y,N,44.917027,-93.286064,N
595000,3,2.25,2416,5662,1925,89,2,Garage,65,N,Y,44.917099,-93.328186,N
174900,3,1,1402,6098,1951,63,2,Garage,20,N,N,45.041157,-93.318993,N
119900,4,1.5,1129,4791,1926,88,2,Garage,49,N,N,45.041199,-93.29361,N
429900,3,3,2324,4791,2014,0,1,Garage,7,N,Y,44.916889,-93.26815,N
835000,5,3.5,3853,5227,2013,1,2,Garage,77,N,Y,44.916721,-93.320511,N
690000,4,2.25,2404,3920,1925,89,2,Garage,65,N,N,44.91663,-93.325768,N
239900,4,1,2390,5227,1921,93,3,Garage,77,Y,N,44.916553,-93.2528,N
179900,2,1,828,4791,1917,97,1,Garage,9,N,N,44.916454,-93.263557,N
119000,3,1,1011,6098,1875,139,1,Garage,137,N,N,44.956409,-93.1203,N
4650000,5,5.5,8655,16117,1932,82,3,Garage,137,N,N,44.915871,-93.31192,N
39000,2,1.5,1180,5662,1950,64,1,Garage,119,Y,N,45.043152,-93.288506,Y
184900,2,1,1146,6534,1915,99,1,Garage,13,N,N,44.914696,-93.228004,N
189000,2,1,1174,5227,1921,93,3,Garage,20,Y,Y,44.914818,-93.273247,N
129900,2,1,1044,4791,1941,73,1,Garage,7,N,N,45.043331,-93.293098,N
2795000,4,4.75,4939,21344,1930,84,2,Garage,137,N,Y,44.915676,-93.310974,N
99900,2,1,1248,4791,1930,84,1,Garage,100,Y,N,45.043655,-93.29052,N
39900,2,1,1390,4791,1909,105,2,Garage,5,N,N,45.043766,-93.287292,N
424900,3,1.5,1916,5662,1926,88,2,Garage,104,Y,N,44.926739,-93.193916,N
379900,4,2,1025,5662,1926,88,2,Garage,137,N,N,44.926739,-93.193275,N
1495000,5,4.5,4646,23522,1907,107,4,Garage,119,N,N,44.915001,-93.307915,N
165000,4,2.5,2104,6534,1951,63,3,Garage,70,Y,Y,44.920753,-93.082924,N
799900,4,2.5,4177,10454,1955,59,2,Garage,69,N,N,44.913956,-93.301392,N
147900,3,1.75,1638,6534,1957,57,2,Garage,33,N,Y,45.044121,-93.317802,N
110000,3,1,1068,6534,1951,63,2,Garage,15,N,N,45.044212,-93.289795,N
239500,3,1.75,1251,,1925,89,2,Garage,33,N,N,44.914146,-93.223862,N
339000,3,2.25,2060,5227,1959,55,2,Garage,20,N,Y,44.913937,-93.263565,N
399988,5,2.75,2592,6098,1952,62,2,Garage,82,Y,N,44.913631,-93.270691,N
252500,3,2,1700,6098,1922,92,2,Garage,49,N,N,44.913521,-93.277626,N
869000,4,4.25,3519,6098,1924,90,2,Garage,19,N,Y,44.91328,-93.289917,N
89900,2,1,700,9583,1947,67,2,Garage,77,N,Y,45.04538,-93.314713,N
868900,5,3.25,3650,5227,2014,0,4,Garage,63,N,Y,44.913296,-93.321762,N
259900,2,1.5,1853,5662,1959,55,1,Garage,137,Y,Y,44.913254,-93.312141,N
124900,2,1,1200,6098,1955,59,1,Garage,96,Y,N,45.045341,-93.313438,N
269000,3,2,1524,9583,1957,57,2,Garage,68,Y,N,44.956184,-93.206543,N
124900,3,1.75,1460,7840,1955,59,1,Garage,63,N,Y,45.045387,-93.309624,N
112900,3,1,1460,5793,1946,68,2,Garage,44,Y,N,45.045578,-93.2911,N
750000,5,4.5,4158,,1925,89,6,Garage,111,N,N,44.912621,-93.276382,N
139900,3,1.75,1600,8276,1961,53,1,Garage,86,N,N,44.988911,-93.079674,N
625000,3,2.25,2700,11325,1931,83,2,Garage,72,N,N,44.912247,-93.273285,N
134900,4,1.5,1685,6534,1950,64,2,Garage,49,N,N,45.045876,-93.289268,N
849500,4,3.25,3752,5227,2014,0,3,Garage,43,N,N,44.911495,-93.321747,N
239900,5,2.5,2016,9147,1900,114,2,Garage,77,N,Y,44.922783,-93.064224,N
339900,3,1.5,2124,5662,1953,61,3,Garage,5,N,Y,44.911064,-93.247719,N
99999,4,1,1128,5662,1950,64,3,Garage,77,Y,Y,45.04726,-93.297546,N
350000,3,1,1550,5227,1980,34,2,Garage,5,N,Y,44.910725,-93.312851,N
749900,6,4.25,4869,9147,1895,119,1,Garage,44,N,N,44.939743,-93.121346,Y
299000,3,2,1697,5227,1920,94,2,Garage,20,N,Y,44.910679,-93.218674,N
599000,4,3.5,2938,5227,2013,1,2,Garage,137,N,Y,44.910179,-93.318481,N
95000,2,1.75,2204,4791,1982,32,1,Garage,40,N,Y,44.922783,-93.063995,N
305000,3,2,1607,5662,1900,114,2,Garage,77,Y,Y,44.909924,-93.322289,N
124900,3,1,1216,6969,1951,63,2,Garage,117,Y,N,45.048492,-93.293694,N
157000,2,1.75,1737,6534,1925,89,1,Garage,6,N,N,44.909714,-93.208443,N
79500,4,1,1180,,1937,77,1,Garage,8,N,N,45.048405,-93.294434,N
129550,3,1,1200,5227,1917,97,2,Garage,47,N,Y,45.048588,-93.302063,N
140000,3,1.75,1738,4791,1962,52,2,Garage,44,N,Y,45.048695,-93.302063,N
699000,3,2,2376,5140,1924,90,2,Garage,2,N,N,44.909145,-93.31411,N
225000,3,2,2214,3049,1915,99,2,Garage,134,N,Y,44.937511,-93.286377,N
53900,1,1,700,4356,1924,90,1,Garage,137,Y,N,45.049194,-93.291145,N
228500,2,1,1095,5227,1917,97,1,Garage,77,Y,N,44.909218,-93.228783,N
194900,5,1.5,1851,6098,1964,50,2,Garage,106,Y,N,44.984333,-93.121872,N
225000,3,1.75,1758,10454,2014,0,2,Garage,82,N,N,45.049759,-93.308968,N
225000,3,1.75,1758,7405,2014,0,2,Garage,82,N,N,45.049561,-93.308426,N
139900,2,2,1100,5227,1923,91,4,Garage,119,N,Y,45.050011,-93.286018,N
119900,3,1.5,1121,5227,1921,93,2,Garage,57,N,Y,45.050232,-93.287308,N
339900,3,2.5,2079,5662,1949,65,2,Garage,89,Y,N,44.907856,-93.255363,N
138500,5,1.75,1774,4791,1945,69,1,Garage,137,N,Y,45.050339,-93.296272,N
219900,3,1,1052,5227,1951,63,2,Garage,9,N,N,44.907578,-93.261002,N
955000,5,4.5,4720,6534,1927,87,3,Garage,88,N,N,44.907047,-93.296829,N
99900,2,1,754,9583,1924,90,2,Garage,9,N,N,44.972248,-93.078194,N
520000,4,2.25,2352,5662,1888,126,2,Garage,2,N,N,44.947147,-93.12252,N
149900,3,1.25,1288,5227,1907,107,3,Garage,70,N,Y,44.930004,-93.101593,N
145000,3,1,1279,4791,1914,100,2,Garage,137,N,N,44.957283,-93.06057,N
260000,3,1,1176,4791,1925,89,2,Garage,1,N,N,44.906943,-93.325364,N
479900,3,1.5,2191,5924,1936,78,2,Garage,104,Y,N,44.906761,-93.298103,N
324900,4,1.5,2114,4791,1948,66,2,Garage,2,N,N,44.906776,-93.257942,N
159900,1,1,599,5227,1923,91,2,Garage,95,Y,N,44.906944,-93.216858,N
234900,3,1,1540,4791,1939,75,1,Garage,51,N,N,44.906696,-93.254646,N
499900,3,1.5,2552,6534,1927,87,2,Garage,57,N,N,44.90604,-93.272537,N
319900,2,2.25,1930,5227,1921,93,2,Garage,2,N,Y,44.906025,-93.302643,N
624900,5,2.75,2697,4791,1929,85,2,Garage,51,N,Y,44.905899,-93.295013,N
179990,3,1,1031,5227,1924,90,2,Garage,65,Y,N,44.906124,-93.214874,N
799990,4,3.25,3398,5227,2013,1,4,Garage,9,N,N,44.905968,-93.32299,N
225000,3,1,1154,5227,1940,74,2,Garage,137,Y,N,44.905762,-93.257957,N
699900,4,3.5,3200,5227,2006,8,2,Garage,8,N,Y,44.905846,-93.322266,N
129900,2,1.75,954,5227,1924,90,1,Garage,36,N,N,44.905834,-93.20977,Y
309999,3,1.75,1725,5662,1928,86,1,Garage,89,Y,N,44.905426,-93.307716,N
599900,4,3,3552,5662,1880,134,2,Garage,119,N,N,44.947147,-93.12291,N
299900,4,2,2208,6534,1948,66,1,Garage,68,Y,N,44.904976,-93.305176,N
389900,4,1.75,2320,7405,1918,96,3,Garage,57,N,N,44.905033,-93.273834,N
129900,3,1.75,1574,5227,1950,64,1,Garage,85,Y,N,44.905251,-93.208496,N
134800,1,1,675,5227,1922,92,2,Garage,137,Y,N,44.905144,-93.209778,N
154900,3,1.75,1300,,1955,59,2,Garage,63,Y,N,44.904865,-93.230667,N
224900,3,1,1140,5662,1947,67,1,Garage,57,Y,N,44.904659,-93.317909,N
117900,2,1,739,6098,1923,91,2,Garage,85,Y,N,44.904865,-93.226814,N
124900,1,1,548,6098,1924,90,1,Garage,137,N,N,44.904633,-93.22393,N
209900,4,2,2852,5227,1944,70,1,Garage,43,Y,N,44.904453,-93.227585,N
239900,4,2,2164,4791,1946,68,1,Garage,96,N,N,44.904282,-93.235779,N
184900,3,1.75,1596,5227,1946,68,2,Garage,36,N,Y,44.904213,-93.230118,N
137000,1,1,690,6534,1922,92,3,Garage,86,Y,Y,44.903931,-93.224747,N
254900,4,2,1627,6098,1926,88,2,Garage,96,Y,N,44.903584,-93.286102,N
529900,6,3.25,3990,9147,1912,102,4,Garage,137,Y,Y,44.94313,-93.147102,N
309900,5,2.75,2686,6534,1950,64,2,Garage,6,N,N,44.903286,-93.254707,N
224990,3,1.75,1340,4791,1925,89,4,Garage,77,Y,N,44.903336,-93.214897,N
419900,4,2.25,2925,5227,2000,14,2,Garage,71,Y,Y,,,N
324900,3,2,1694,7405,1940,74,2,Garage,68,Y,N,44.902409,-93.26564,N
284700,3,1.75,1702,5227,1953,61,2,Garage,6,N,Y,44.902626,-93.318451,N
169990,3,1.5,1080,6098,1924,90,2,Garage,137,Y,N,44.902321,-93.27834,N
32900,2,1,896,,1889,125,1,Garage,105,Y,N,44.962322,-93.123474,N
189900,3,2,1510,6534,1928,86,4,Garage,9,N,N,44.902466,-93.22477,N
110000,3,1.75,1376,4791,1909,105,2,Garage,137,Y,N,44.957836,-93.118492,N
133900,3,1.75,1129,10018,1947,67,1,Garage,8,N,Y,44.958103,-93.024773,N
169900,2,1,696,5227,1948,66,3,Garage,57,N,N,44.901936,-93.233971,N
399900,4,3.25,2722,7840,1995,19,2,Garage,104,Y,N,44.90176,-93.282204,N
234900,3,1.75,2150,6969,1950,64,4,Garage,12,N,Y,44.901615,-93.221291,N
187000,4,2.5,1555,5227,1940,74,4,Garage,137,Y,N,44.901302,-93.275887,N
219900,5,1.75,1670,6534,1924,90,2,Garage,36,N,N,44.901127,-93.273926,N
185900,3,1,1214,5227,1923,91,2,Garage,135,N,N,44.901169,-93.220741,N
249900,3,1.75,1314,5227,1950,64,1,Garage,10,N,Y,44.900955,-93.305756,N
289900,3,1.5,1440,6098,1937,77,1,Garage,92,N,N,44.900627,-93.258095,N
273500,3,1.75,1587,5227,1950,64,1,Garage,5,N,N,44.900703,-93.298828,N
56750,2,1,1397,3920,1957,57,1,Garage,57,Y,N,44.95829,-93.063179,N
169900,3,1.75,1373,5227,1952,62,2,Garage,93,N,Y,44.900459,-93.232719,N
219000,3,1.5,1828,5227,1912,102,1,Garage,82,Y,N,44.900242,-93.278442,N
199900,3,1,1496,5227,1945,69,1,Garage,105,N,N,44.900436,-93.235817,N
750000,4,3.5,3531,5227,2013,1,2,Garage,70,N,Y,44.900166,-93.31411,N
164900,3,1,1080,5227,1951,63,1,Garage,37,N,N,44.900349,-93.233269,Y
129895,2,1,1500,6534,1904,110,6,Garage,103,Y,N,44.971306,-93.124222,N
255000,5,1.75,2120,7405,1975,39,2,Garage,57,Y,N,44.934383,-93.123451,N
144900,3,1.5,1447,8276,1958,56,1,Garage,37,N,N,44.977619,-93.124283,N
174900,3,1,1674,6098,1951,63,1,Garage,84,N,N,44.899689,-93.219482,N
339900,3,2.5,2007,6534,1947,67,2,Garage,9,N,N,44.899353,-93.286102,N
199900,4,1,1212,8712,1927,87,3,Garage,110,N,Y,44.899612,-93.214935,N
189900,3,1.75,1374,6534,1950,64,4,Garage,12,N,Y,44.899403,-93.221321,N
209900,3,1.5,1586,5227,1948,66,1,Garage,111,Y,N,44.899235,-93.239609,N
174900,2,1.75,1623,10454,1947,67,1,Garage,119,Y,N,44.898731,-93.308296,Y
184900,3,1.75,1572,5662,1952,62,2,Garage,92,Y,N,44.898609,-93.254288,N
289900,3,1.75,1820,5227,1949,65,2,Garage,107,N,Y,44.898819,-93.305763,N
274900,3,2.75,1835,5662,1938,76,1,Garage,69,N,N,44.898384,-93.279007,N
329900,3,2.5,1767,5227,1928,86,2,Garage,137,N,N,44.924118,-93.164825,N
145000,4,2,1680,4791,1899,115,2,Garage,6,N,N,44.959091,-93.124641,N
575000,3,2.25,3173,6534,2014,0,2,Garage,6,N,Y,44.897625,-93.304382,N
184900,3,1.75,1536,6098,1981,33,2,Garage,7,N,N,44.897511,-93.245972,N
139900,4,1.75,1246,4791,1900,114,2,Garage,137,Y,Y,44.958916,-93.063843,N
329900,3,2,2216,6534,1941,73,2,Garage,137,Y,N,44.897366,-93.263748,N
243000,3,1,1726,6534,1946,68,1,Garage,112,Y,N,44.897007,-93.291229,N
274900,4,2,1862,5227,1957,57,2,Garage,22,N,Y,44.897064,-93.295586,N
239999,4,1.5,1822,6098,1951,63,2,Garage,89,Y,N,44.896538,-93.258232,N
289900,3,1.5,2512,6098,1942,72,2,Garage,1,N,N,44.8964,-93.259964,N
2225000,6,4.25,7314,,1889,125,2,Garage,137,N,N,44.941109,-93.101524,N
289900,3,1.5,1769,,1951,63,2,Garage,77,N,N,44.896034,-93.315384,N
214900,2,1,1115,6969,1947,67,2,Garage,46,N,N,44.896061,-93.310852,N
230000,3,1,1239,5227,1951,63,2,Garage,20,N,N,44.896042,-93.315926,N
525000,4,2.5,2184,6098,2013,1,2,Garage,88,N,Y,44.895779,-93.295029,N
354500,3,1.5,1968,6098,1958,56,3,Garage,51,N,N,44.89629,-93.297981,N
509900,3,2.5,2032,6098,2013,1,2,Garage,89,N,N,44.895817,-93.294852,N
525000,4,2.5,2184,6098,2013,1,2,Garage,88,N,Y,44.895611,-93.295036,N
201500,2,1,745,6534,1949,65,1,Garage,137,Y,N,44.896362,-93.308296,N
199900,3,1,1284,5227,1946,68,3,Garage,16,N,N,44.895279,-93.258263,N
315900,3,1.75,2368,6098,1950,64,2,Garage,119,Y,N,44.894997,-93.258774,N
312000,3,1.5,1864,,1949,65,3,Garage,90,Y,N,44.894871,-93.259476,N
334900,3,2.5,2098,5227,1972,42,2,Garage,57,Y,Y,44.895176,-93.3172,N
239900,4,2,1514,6098,1949,65,2,Garage,72,N,N,44.895485,-93.30648,N
499000,5,3.25,2501,5227,2013,1,2,Garage,103,N,Y,44.894928,-93.295593,N
120990,3,1.5,1296,5227,1920,94,1,Garage,1,N,Y,44.959137,-93.055542,N
189200,3,1.5,1117,6098,1942,72,1,Garage,97,N,N,44.894592,-93.259483,N
199000,4,1.5,1610,5227,1947,67,1,Garage,77,Y,N,44.894932,-93.314667,N
279900,3,1.5,2326,7405,1955,59,2,Garage,137,N,N,44.894745,-93.296326,N
179900,3,2,1970,7405,1950,64,4,Garage,76,Y,N,44.979446,-93.125275,N
65000,1,0.75,650,4791,1884,130,0,No,93,N,N,44.961803,-93.125504,N
99900,3,1,1385,4791,1938,76,1,Garage,113,Y,Y,44.976234,-93.102592,Y
199900,3,1.5,1755,5662,1957,57,1,Garage,77,N,N,44.893932,-93.263748,N
569900,5,3.25,3892,6534,1957,57,2,Garage,37,N,Y,44.893921,-93.295593,N
249900,3,1,1879,5662,1955,59,2,Garage,51,Y,Y,44.89381,-93.312828,N
159900,3,1.75,1260,6098,1950,64,4,Garage,27,Y,N,44.893387,-93.26445,Y
334900,4,2,2496,5662,1958,56,2,Garage,35,Y,N,44.893566,-93.311562,N
274999,4,2,1705,,1950,64,3,Garage,41,N,Y,44.892963,-93.265678,N
245000,3,1.75,1657,5662,1953,61,2,Garage,105,Y,N,44.89307,-93.311562,N
256900,4,1.5,2096,6534,1951,63,2,Garage,13,N,N,44.892673,-93.258331,N
219900,3,1.75,1740,6534,1956,58,1,Garage,119,Y,N,44.892673,-93.256302,N
219900,4,1.5,2109,6098,1953,61,2,Garage,66,Y,N,44.892601,-93.27652,N
57500,4,1.75,2620,4791,1890,124,2,Garage,7,N,N,44.970505,-93.074814,N
95000,1,1.25,952,8624,1880,134,2,Garage,137,Y,N,44.976746,-93.098488,N
224900,3,1.75,1935,6534,1951,63,3,Garage,111,Y,N,44.892193,-93.25885,N
255000,3,1.75,1923,6926,1954,60,2,Garage,77,N,N,44.8922,-93.257568,N
299900,3,1.75,1681,6534,1951,63,2,Garage,1,N,Y,44.89217,-93.317917,N
184500,2,1.75,1504,6098,1952,62,1,Garage,75,Y,N,44.891888,-93.309029,N
190000,3,1.75,1348,5662,1950,64,2,Garage,119,Y,N,44.891918,-93.315369,Y
219900,3,1,1382,6534,1951,63,2,Garage,72,Y,N,44.891899,-93.318466,N
199900,3,1.5,1553,2178,1904,110,0,No,85,Y,N,44.944901,-93.28756,N
169900,3,1,1112,5227,1941,73,2,Garage,1,N,Y,44.891472,-93.272598,N
239000,3,1.75,2376,8712,1956,58,2,Garage,44,N,N,44.891399,-93.306564,N
209900,3,1.25,1127,5227,1907,107,2,Garage,137,N,N,44.927197,-93.104362,N
450000,8,4,4216,7405,1912,102,4,Garage,103,N,N,44.954185,-93.12661,N
39900,3,1,1104,6098,1886,128,1,Garage,86,Y,N,44.960064,-93.115746,N
199900,5,2,1750,13068,1900,114,2,Garage,5,N,Y,44.981232,-93.126701,N
169900,4,1.5,1544,7405,1900,114,3,Garage,137,Y,N,44.926994,-93.087036,N
145000,1,1,933,1001,2004,10,0,No,49,Y,N,44.947727,-93.126877,N
79900,2,1,1050,4791,1920,94,2,Garage,86,Y,N,44.962322,-93.12706,Y
142900,3,2,1426,6534,1900,114,0,No,137,N,Y,44.921986,-93.134071,N
109000,2,2,982,6969,1886,128,1,Garage,137,N,N,44.959606,-93.127251,N
90000,3,1,3580,4791,1888,126,2,Garage,33,N,N,44.969616,-93.072922,N
144900,3,1,1215,12196,1949,65,1,Garage,137,Y,N,44.961109,-93.051903,Y
90000,3,1.75,1596,3484,1922,92,1,Garage,137,Y,Y,44.979912,-93.072876,N
87500,4,2.5,2136,4791,1884,130,2,Garage,1,N,N,44.953403,-93.070129,N
132000,5,2.75,1600,4791,1900,114,1,Garage,137,Y,Y,44.959087,-93.12812,N
164900,3,1.5,1440,6098,1965,49,2,Garage,10,N,N,44.983906,-93.072571,N
379850,2,1.75,1676,9147,1953,61,3,Garage,12,N,N,44.921108,-93.148247,N
104900,3,1,1092,,1912,102,0,No,43,Y,N,44.92588,-93.102989,N
99100,3,1.75,1798,5662,1900,114,3,Garage,2,N,Y,44.961693,-93.115746,N
129900,3,1.5,1865,7840,1947,67,6,Garage,57,Y,Y,44.989925,-93.072258,N
599000,4,2.25,3233,12632,1956,58,2,Garage,137,Y,N,44.921082,-93.197403,N
119900,3,1,1080,10890,1887,127,1,Garage,47,Y,N,44.920921,-93.134796,N
154900,2,1,1575,4791,1900,114,1,Garage,85,Y,N,44.930904,-93.128586,N
414900,3,2.5,3155,5662,1998,16,2,Garage,57,Y,N,44.920837,-93.147072,N
204900,3,1,1705,4791,1949,65,4,Garage,20,N,N,44.991138,-93.12883,N
230000,4,1.75,1985,10890,1917,97,2,Garage,8,N,N,44.981331,-93.071526,N
174900,3,2,2084,5227,1925,89,2,Garage,36,N,N,45.035309,-93.252892,N
153900,3,1.75,1468,7405,1982,32,2,Garage,82,Y,Y,44.991302,-93.071404,N
144900,3,1,1424,3920,1940,74,2,Garage,113,Y,Y,44.983124,-93.071266,N
97900,3,2.25,1512,3049,1985,29,1,Garage,63,Y,N,44.925018,-93.101532,N
74900,4,1.75,1880,4791,1906,108,2,Garage,51,Y,N,44.976826,-93.070808,N
129900,3,0.75,1180,4791,1900,114,2,Garage,91,Y,N,44.96233,-93.12989,N
119900,4,1.5,1304,5227,1939,75,2,Garage,119,Y,N,45.035301,-93.252388,N
114900,3,1,1408,4791,1923,91,1,Garage,89,Y,Y,44.957798,-93.13002,N
145000,4,1.75,2072,6098,1940,74,1,Garage,2,N,N,44.975842,-93.097778,N
169900,4,1.5,2100,4791,1904,110,2,Garage,137,Y,N,44.975933,-93.070496,N
69900,2,1,1216,4791,1893,121,0,No,137,N,N,44.959087,-93.130188,Y
69900,2,1.5,1107,3484,1900,114,0,No,77,N,N,44.962814,-93.068848,N
115000,3,1.75,1358,4791,1938,76,1,Garage,1,N,Y,44.976238,-93.103058,N
134900,3,1,1018,4791,1894,120,1,Garage,57,Y,N,44.975937,-93.069878,N
120000,3,1.5,1500,2613,1900,114,1,Garage,21,Y,N,44.956894,-93.130836,N
112900,3,1,1190,4791,1946,68,1,Garage,20,N,N,44.971828,-93.069901,N
990000,4,4,5214,13068,1926,88,2,Garage,137,Y,N,44.943401,-93.196991,N
174900,3,1,1479,4791,1951,63,2,Garage,43,N,Y,44.991158,-93.130844,N
249000,3,2.25,2870,,1919,95,4,Garage,137,Y,N,44.959999,-93.131256,N
149900,4,2,1397,4791,1932,82,2,Garage,77,Y,Y,44.976326,-93.069183,N
99900,2,1,1096,7405,1948,66,2,Garage,105,Y,N,44.982658,-93.069145,N
164900,2,0.75,1229,5227,1938,76,3,Garage,49,Y,N,44.983166,-93.069061,N
774900,6,3,3420,8712,1909,105,2,Garage,137,Y,N,44.934418,-93.131767,N
165000,6,2,1476,5227,1955,59,1,Garage,2,N,Y,44.923462,-93.077225,N
89900,2,1.5,1099,17859,1916,98,3,Garage,137,N,N,44.989891,-93.068886,Y
175000,3,1.5,1417,5227,1900,114,1,Garage,57,N,N,44.922981,-93.131866,N
359900,4,1.25,2252,4791,1908,106,3,Garage,96,Y,N,44.944298,-93.132164,N
159900,2,1,1405,4791,1880,134,1,Garage,54,N,Y,44.923489,-93.131859,N
139900,3,2,1920,5227,1958,56,2,Garage,3,N,N,44.987995,-93.102989,Y
219900,3,1.75,1612,,1915,99,2,Garage,137,Y,N,44.927494,-93.131966,N
79900,3,1.25,1248,4791,1915,99,2,Garage,8,N,N,44.959091,-93.132553,N
75000,2,1,1584,4007,1904,110,1,Garage,51,N,N,44.955055,-93.132545,N
154900,3,1.75,1785,4791,1928,86,2,Garage,12,Y,N,44.97287,-93.131866,N
145000,4,2,1904,4791,1894,120,1,Garage,53,N,Y,44.962337,-93.132721,N
299900,5,2.5,2460,11761,1900,114,3,Garage,104,Y,N,44.93095,-93.132332,N
179900,4,1.75,1127,5227,1907,107,1,Garage,2,N,Y,44.964489,-93.169983,N
34900,3,1,1236,4791,1884,130,2,Garage,19,N,N,44.974148,-93.067947,N
179000,3,2.5,2000,9583,1952,62,3,Garage,2,N,N,44.919491,-93.081734,N
148000,4,1.75,1494,,1973,41,2,Garage,64,N,N,44.979965,-93.067429,N
109000,2,1,963,4791,1925,89,1,Garage,119,Y,Y,44.96143,-93.133186,N
349000,3,2.25,1800,4791,2014,0,2,Garage,29,N,Y,44.948799,-93.1334,N
108400,4,1.75,1690,4791,1979,35,2,Garage,137,Y,Y,44.970058,-93.067276,N
675000,7,3.5,4806,12632,1910,104,6,Garage,137,Y,N,44.940872,-93.133476,N
139900,4,2.5,1496,4791,1883,131,1,Garage,40,N,Y,44.973244,-93.066948,N
171900,3,1,1282,4356,1913,101,3,Garage,119,N,N,44.922104,-93.101494,N
2995000,4,3.5,5819,19602,2002,12,4,Garage,41,N,N,44.956566,-93.318939,N
209900,3,1,1448,6098,1923,91,2,Garage,65,N,N,44.927132,-93.134109,N
245999,4,3,1900,3920,1900,114,1,Garage,5,N,Y,45.016567,-93.249344,N
155900,4,1.75,1408,4791,1912,102,1,Garage,83,N,Y,44.954578,-93.135353,N
40000,3,1,1645,4791,1885,129,0,No,43,N,Y,44.957802,-93.135391,N
124100,3,2.25,2074,8712,1957,57,1,Garage,137,Y,N,44.963249,-93.135567,Y
61900,3,2,1365,4791,1904,110,1,Garage,112,Y,N,44.966434,-93.079552,N
134900,3,1,1773,4791,1911,103,4,No,119,Y,N,44.955402,-93.135529,N
100000,5,1.75,1758,4791,1915,99,2,Garage,19,N,N,44.959621,-93.135544,N
129900,3,1,1188,3920,1886,128,1,Garage,113,Y,Y,44.966736,-93.109406,N
148900,2,1,1427,4791,1910,104,2,Garage,19,N,Y,44.960915,-93.135712,N
165000,2,1,1047,7405,1915,99,2,Garage,137,Y,Y,44.948799,-93.135834,N
135900,3,1.75,1820,4791,1926,88,1,Garage,137,N,N,44.969673,-93.064873,N
139900,4,2,1796,4791,1908,106,2,Garage,29,N,N,44.961891,-93.064796,N
121900,4,2,2126,6098,1991,23,1,Garage,5,N,N,44.965031,-93.103577,N
44900,2,1,826,7405,1888,126,3,Garage,70,N,N,44.966831,-93.095963,N
49900,2,1,1241,4791,1913,101,0,No,12,N,N,44.970581,-93.06424,N
359000,3,3.25,2983,9583,1998,16,2,Garage,137,Y,N,44.945175,-93.031662,N
56900,4,2,1543,4791,1908,106,2,Garage,96,Y,N,44.961895,-93.064339,N
59900,3,1.5,1284,4356,1909,105,1,Garage,137,Y,N,44.967148,-93.115799,N
154900,3,2,1400,4356,1889,125,4,Garage,51,N,N,44.952415,-93.136681,N
47000,3,1,1000,4791,1884,130,1,Garage,22,N,N,44.95649,-93.064133,N
74900,4,1.75,2269,4791,1909,105,1,No,137,Y,N,44.95739,-93.06414,N
74900,3,1.75,1400,5227,1915,99,1,Garage,9,Y,N,44.928417,-93.136932,N
139900,3,1,1189,4791,1911,103,2,Garage,86,N,Y,44.959095,-93.136917,N
179900,3,1.75,1300,5227,1906,108,2,Garage,20,N,Y,44.919937,-93.100945,N
105000,2,1,914,6098,1880,134,7,Garage,27,N,Y,44.9674,-93.11068,N
226900,3,1.5,1381,6098,1948,66,1,Garage,7,N,N,44.914936,-93.185532,N
99900,3,1,1267,6534,1884,130,2,Garage,12,N,N,44.96751,-93.081573,N
85000,3,2.25,2207,4791,1912,102,2,Garage,137,Y,N,44.961506,-93.063721,N
499900,4,2.5,3052,6098,1891,123,3,Garage,1,N,Y,44.944691,-93.137184,N
132990,3,1.75,1562,4356,1900,114,2,Garage,2,N,Y,44.956978,-93.063278,N
279900,5,2,2100,6534,1911,103,2,Garage,2,N,N,44.967865,-93.16909,N
24900,3,1,1172,,1884,130,1,Garage,6,N,N,44.968037,-93.103638,N
349900,3,2.5,2044,6098,2005,9,2,Garage,137,Y,N,44.988087,-93.135689,N
104500,4,2.25,1378,4791,1950,64,2,Garage,40,Y,N,44.976887,-93.06308,N
279900,2,1,1271,10890,1920,94,2,Garage,47,N,N,44.982567,-93.137825,N
339900,4,1.75,2534,6969,1912,102,2,Garage,69,N,N,44.938725,-93.187782,N
125900,3,1,1351,8276,1925,89,2,Garage,98,Y,N,44.96833,-93.015533,N
168800,3,1,2036,,1941,73,1,Garage,137,Y,N,44.97908,-93.062653,N
215000,2,1,1200,6098,1911,103,1,Garage,104,N,Y,44.943634,-93.138107,N
795000,5,3.25,4305,6969,1894,120,0,No,134,Y,N,44.936386,-93.126938,N
240000,4,1.75,1564,4791,1949,65,1,Garage,20,N,N,44.913914,-93.185417,N
374900,4,2.5,2046,4791,1911,103,2,Garage,8,N,N,44.935455,-93.138138,N
100000,2,1,938,7840,1900,114,1,Garage,75,Y,N,44.968307,-93.170013,N
149900,2,1,784,9888,1954,60,2,Garage,1,N,N,44.944359,-93.154572,N
279900,4,2.25,2700,,1902,112,1,Garage,7,N,N,44.94603,-93.138695,N
69000,3,1,961,3484,1880,134,0,No,137,Y,Y,44.961514,-93.062027,N
134900,3,1,1218,6534,1939,75,1,Garage,119,Y,N,44.969048,-93.018509,N
93900,3,1,1292,5227,1940,74,1,Garage,99,Y,N,44.978943,-93.104073,N
189900,3,0.75,1464,6098,1950,64,1,Garage,36,N,Y,44.989857,-93.139168,N
169900,3,2,1398,6098,1940,74,1,Garage,9,N,Y,44.979076,-93.061493,N
289900,5,1.5,2750,6969,1907,107,2,Garage,1,N,Y,44.948837,-93.139473,N
919900,6,4.25,4912,15681,1907,107,8,Garage,47,N,N,44.938606,-93.139648,N
98000,3,1.75,1005,3920,1910,104,1,Garage,119,Y,Y,44.969769,-93.058136,N
195000,4,2,1624,5662,1904,110,2,Garage,137,Y,N,44.931999,-93.089371,Y
209900,3,2.25,2296,8712,1978,36,2,Garage,76,Y,N,44.913395,-93.006508,N
117900,3,1,1403,5227,1921,93,1,Garage,77,Y,Y,44.960999,-93.060463,N
284900,3,2.5,1932,5662,1950,64,2,Garage,99,N,N,44.985348,-93.140388,N
139900,4,1.25,396,,1917,97,1,Garage,97,N,N,44.971874,-93.060081,N
299900,3,2.25,2014,6534,1949,65,2,Garage,119,Y,N,44.987152,-93.140991,N
165000,4,1.75,1349,,1940,74,2,Garage,86,Y,Y,44.957909,-93.059486,N
149990,3,2,1220,4791,2014,0,1,Garage,104,N,N,44.970657,-93.079002,N
124900,3,1,1200,4791,1913,101,1,Garage,137,N,N,44.970715,-93.133118,N
193000,4,1.75,1460,4356,1921,93,2,Garage,96,Y,Y,44.953686,-93.14193,N
134999,3,1.75,1650,9539,1890,124,2,Garage,137,Y,Y,44.963734,-93.059174,N
84900,2,1,732,4356,1924,90,3,Garage,110,Y,Y,44.92717,-93.142082,N
109000,4,1.75,1650,5227,1898,116,2,Garage,117,N,N,44.956505,-93.058861,N
89900,3,2,1180,4791,1914,100,1,Garage,119,Y,N,44.971088,-93.135155,N
62500,1,1,760,7405,1900,114,2,Garage,57,Y,N,44.92844,-93.142342,N
483900,4,2.5,2500,13068,2014,0,3,Garage,8,N,N,44.944369,-93.141736,N
